,userid,content,predict
0,2634870,节：文本的章节，便于不同格式的排版与阅读文档,2
1,2634870,分栏：一个页面分开多个版面，节约版面，易阅读查看,1
2,2634870,项目符号：放在文本或图形前以添加强调效果的点或其他符号,2
3,2634870,编号：给顺序号作为一种识别的方法，文本编号易于阅读，查看分析而且非常整齐,2
4,2634870,word的主要文档视图类型及其作用：页面视图：此视图为文档默认视图，显示的文档页面与打印时完全相同.,2
5,2634870,阅读视图：可自由调节页面显示比例，列宽和布局，导航搜索，更改页面颜色，不允许对文档编,2
6,2634870,web版式视图：类似网页，不显示页码和章节号信息，超链接显示为带下划线文,2
7,2634870,大纲视图：显示文档的大纲，可创建大纲并检查word文档结构，进行文本“升级”,2
8,2634870,草稿视图：不显示页眉，页脚等信息,2
9,2634870,批注对部分文字或操作进行注解、诠释；修订是指修改格式、删除或增加内容,1
10,2634870,段落格式的主要设置内容有：对齐方式、缩进、间距、分栏、边框和底纹等等,1
11,2634870,字符格式的主要设置内容：字体、字号、字型、颜色、字符间距、缩放比例、文字效果、底纹、边框等,2
12,2634870,记事本只支持文本格式文件，容量较小，没有各种格式效果，便于在任何编辑器上重新按自己的格式利用,2
13,2634870,写字板是Windows自带的一个工具，只带有一些基本的文字处理功能，支持rtf格式，是word的雏形，容量较记事本大,2
14,2634870,Word是套件MicrosoftOffice中的一个组件，功能强大而且丰富，支持多种文件格式，不仅文字编辑转换上有多种功能，还可以进行页面设置，插入图片、图像等其他对象,2
15,2634870,数据结构是问题的核心，是算法的基础,2
16,2634870,数据结构为算法提供逻辑运行路线和框架，算法则是按照数据结构对目的的实现选择合适的操作方法和运算过程，数据结构和算法是相互依托和联系的,2
17,2634870,顺序结构顺序结构表示程序中的各操作是按照它们出现的先后顺序执行的.选择结构选择结构表示程序的处理步骤出现了分支，它需要根据某一特定的条件选择其中的一个分支执行,2
18,2634870,选择结构有单选择、双选择和多选择三种形式,2
19,2634870,循环结构循环结构表示程序反复执行某个或某些操作，直到某条件为假（或为真）时才可终止循环,2
20,2634870,高级语言：不能直接操作计算机底层操作系统，编写格式不受计算机限制,2
21,2634870,与人类自然语言比较接近,2
22,2634870,主要有C、C++、C#等语言,2
23,2634870,其中C既具有汇编语言的特点，也具有高级语言的特点,2
24,2634870,高级语言需要经过两次汇编，先由源代码汇编成由0和1组成的中间代码文件，接着与函数库进行连接，生成最终可执行文件(.EXE)高级语言远离机器语言，与具体的计算机硬件关系不大，因而所写出来的程序可移植性好，重用率高,2
25,2634870,Excel：电子表格统计和制作软件word：文档编辑和处理软件PPT：课件制作软件QQ：聊天软件酷狗：音频播放youku(优酷)：视频播放,4
26,2634870,Windows的主要附件工具及其功能：1、系统工具：用来进行系统还原、磁盘清理和整理磁盘碎片,2
27,2634870,2、录音机：录制声音,2
28,2634870,3、计算器：科学计算功能,1
29,2634870,4、记事本：编辑文本,1
30,2634870,5、画图：用来画图及存储屏幕打印图片,1
31,2634870,Windows主要鼠标动作和作用：1、指向：将鼠标指针移动到屏幕的某个特定的位置或对象上，为下一个操作作准备,2
32,2634870,2、单击：左键单击，常用于选定鼠标指针指向的某个对象或命令，右键单击调用快捷菜单,5
33,2634870,3、双击：快速连续的按两下鼠标左键，常用于启动某个选定的应用程序，或打开鼠标指针指向的文件,2
34,2634870,4、拖动：按住鼠标左键不放，同时移动鼠标，将鼠标指向另一个位置，常用于对选定对象从一个地方移动或复制到另一个地方,3
35,2634870,鼠标的其他操作：中间的滚轮可以上下翻看屏幕,2
36,2634870,一般窗体的主要构成有：任务栏、标题栏、菜单栏、工作区域、状态栏、滚动条、窗口缩放按纽,1
37,2634870,操作系统的主要类型及其特点有：1、DOS操作系统：1）单用户、单任务；2）命令行界面；3）文件管理方便；4）系统体积小,2
38,2634870,2、Windows操作系统：1）多任务处理；2）图形用户界面；3）有效的内存管理；4）支持多文件系统各式（FAT32、NTFS）；5）支持多媒体系统；6）支持网络应用,2
39,2634870,3、UNIX操作系统：1）良好的可移植性；2）多用户、多任务；3）内核短小精悍；4）采用树形的文件系统管理文件；5）把设备如同文件一样管理；6）安全机制完善；7）提供了丰富的网络功能；8）提供了完美而强大的文本处理工具,3
40,2634870,4、Linux操作系统：1）是一款免费的操作系统，源代码公开，可以免费获得的自由软件；2）多用户、多任务的操作系统；3）提供了命令行方式的用户界面，4）可靠安全，性能稳定；5）支持多种平台,3
41,5787015,"压缩的原理：是把文件的二进制代码压缩，把相邻的0,1代码减少，比如有000000,可以把它变成6个0的写法60,来减少该文件的空间",2
42,5787015,下载技术演变：1.主从架构方式2.断点续传方式3.多线程并行方式：如网络蚂蚁4.镜像服务器方式主要压缩工具：winrar、360压缩、WinZip、7/Zip,2
43,5787015,系统工具软件：磁盘碎片的清理与整理、任务管理器等压缩软件工具：用于文件的存储与传输下载工具：下载资源，加快下载速度多媒体工具：视频播放工具、音乐播放器等安全工具：查杀毒软件，聊天工具：方便交流沟通windows系统工具软件作用：维护系统的正常的运行优化系统使得到最佳的运行效果管理系统,1
44,5787015,比如：windows自带备份与还原工具，磁盘清理磁盘碎片整理程序，系统还原，任务管理器,1
45,5787015,系统优化与设置工具作用：是计算机性能最优化，保证计算机处于工作的理想状态,2
46,5787015,比如：windows优化大师，超级兔子等,2
47,5787015,磁盘工具软件作用：对硬盘及时维护、备份，使系统保持稳定,1
48,5787015,比如：分区魔术师，还原精灵等,2
49,5787015,压缩工具软件作用：便于文件存储和数据传输,2
50,5787015,比如：WinRAR，WinZip等,2
51,5787015,下载工具作用：下载所需资源,2
52,5787015,比如：BT下载，迅雷，快车，电驴，QQ旋风等,2
53,5787015,聊天工具作用：与人沟通交流,2
54,5787015,比如：腾讯QQ，MSN，新浪UC，ICQ，阿里旺旺等,2
55,5787015,安全工具作用：抵御病毒，查杀有害病毒，采取措施把损失降到最低，使计算机正常工作,2
56,5787015,分为杀毒软件和防火墙,2
57,5787015,比如：360杀毒，金山毒霸，卡巴斯基，瑞星，百度杀毒等，金山网镖、瑞星个人防火墙等,2
58,5787015,光盘刻录作用：电脑里暂时不用的软件比较占空间的刻录到光盘，节省电脑的空间，把重要数据备份，按自己喜好选择性的收藏,2
59,5787015,比如：刻录工具Nero，刻录音乐，视频等,2
60,5787015,多媒体工具作用：播放视频，音乐等娱乐，阅读浏览图片处理制作，浏览网页,2
61,5787015,比如：影音风暴，酷狗，ACDSee，红蜻蜓抓图精灵，超星阅览器，搜狗高速浏览器等,2
62,5787015,汉化翻译作用：进行各类语言翻译，并将其转换为汉文使人得以看懂，不必学习很多语言也能通过翻译理解,2
63,5787015,比如：金山快译，金山词霸等,2
64,5787015,互评的时候很多附件下不下来，不是网络的原因，网很快,2
65,5787015,移动智能终端企业可以通过应用端商业模式的创新来激发用户的消费需求,2
66,5787015,从行业的发展情况来看，移动智能终端企业应该推动产品的功能和形态向多元化拓展,2
67,5787015,智能设备形式多样化，向更多行业渗透,2
68,5787015,移动智能终端应用从门户型应用软件向着针对细分市场、细分人群和专业定位的方向演进,2
69,5787015,不熟悉的网站不要随意点开，更不要随便输入账户和密码,2
70,5787015,如需进行支付或重要操作时，免费WIFI不要连，尽量采用数据接入方式,2
71,5787015,在网站注册时，不要留有过详细的个人信息，尤其是身份证信息等重要信息,2
72,5787015,在公用电脑上登陆过，一定要清除COOKIES和表单信息,2
73,5787015,不要安装流氓软件，打开邮件或消息的链接要留心等,2
74,5787015,"一、“棱镜门”事件爆发美国国家安全局监控用户隐私2013年6月5日，美国前中情局(CIA)职员爱德华?斯诺顿披露给媒体两份绝密资料，一份资料称：美国国家安全局有一项代号为""棱镜""的秘密项目，要求电信巨头威瑞森公司必须每天上交数百万用户的通话记录",2
75,5787015,另一份资料更加惊人，美国国家安全局和联邦调查局通过进入微软、谷歌、苹果等九大网络巨头的服务器，监控美国公民的电子邮件、聊天记录等秘密资料,2
76,5787015,此后斯诺登现身香港，声称自己良心感悟，无法允许美国政府利用“棱镜”项目侵犯全球民众隐私以及互联网自由,2
77,5787015,他表示，美国政府早在数年前就入侵中国一些个人和机构的电脑网络，其中包括政府官员，商界人士甚至学校,2
78,5787015,斯诺登后来前往俄罗斯申请避难，获得俄罗斯政府批准,2
79,5787015,"二、微软2013年补丁数量超过100个2014年停止对WindowsXP安全更新2013年12月初，微软公布2013年12月份11个安全更新补丁，至此2013全年微软补丁数量已达到106个，这已是第三次补丁数量""破百"".据统计，2013年微软高危漏洞补丁为42个，占比达到39.6%;9月补丁数量最多，达到13个",2
80,5787015,2013年微软宣布，到2014年4月8日为止，将不再为WindowsXP系统提供漏洞补丁,2
81,5787015,三、比特币席卷全球诈骗案件频发2013年比特币大受追捧，造就比特币神话的原因之一，就是其宣称的“安全性”,2
82,5787015,不过2013年多时间爆出的几次虚拟货币“大劫案”,2
83,5787015,根据美国FBI查获的案件显示，2013年9月份，FBI查获毒品交易网站“丝路”(SilkRoad)后，有两大比特币网站涉嫌数千万美元以上金额的比特币,2
84,5787015,其中一家网站拥有14.4万个比特币，对应的价值接近1亿美元,2
85,5787015,另外一个包含3万个比特币，价值约为2000万美元,2
86,5787015,2013年12月5日，央行宣布比特币在中国为“非法货币”，联合四部委发出《关于防范比特币风险的通知》，要求各金融机构和支付机构不得开展与比特币相关的业务,2
87,5787015,2013年12月16日，央行约谈10余家第三方支付公司相关负责人，明确要求其不得给比特币、莱特币等的交易网站提供支付与清算业务,2
88,5787015,随后2013年12月18日18时04分许，央行网站间歇性出现访问困难或页面无法打开的状况，央行官方微博“央行微播”的评论中亦涌入大量“水军”,2
89,5787015,有媒体称攻击者为比特币炒家,2
90,5787015,六、Google曝法国伪造CA证书全球首例国家级伪造CA证书劫持加密通讯事件诞生2013年12月7日，Google安全博客发表声明，他们在12月3日发现一个与法国信息系统安全局(ANSSI)有关系的中级CA发行商向多个Google域名发行了伪造的CA证书,2
91,5787015,根据分析称，ANSSI伪造CA证书是全球首例曝光的国家级伪造CA证书劫持加密通讯事件，在网络安全行业影响恶劣,2
92,5787015,此伪造CA证书被利用监视Google流量，劫持Google的加密网络服务，例如对Gmail、GoogleHTTPS搜索、Youtube等进行钓鱼攻击、内容欺骗和中间人攻击,2
93,5787015,微软随后发布针对WindowsVista、Windows7、Server2008、Server2008R2提供了吊销证书的补丁,1
94,5787015,不要主动上传敏感信息注册名：当我们在网络上注册ID的时候，很容易暴露我们的身份信息,2
95,5787015,禁用cookies：网站搜集用户数据主要利用cookies，这是计算机自带的一项功能，用于辨别用户的身份,2
96,5787015,调整Cookie的安全级别，并作相应清理,2
97,5787015,多个邮箱：如果你频繁使用同一个邮箱在不同网站进行操作，数据挖掘和分析最终还是能找到你,2
98,5787015,在不同社交网站上使用不同姓名和邮箱能有效提高防止被机器认出的概率,2
99,5787015,杜绝手机流氓软件：这种软件会后台默默上传你的通话记录和聊天短信等，而且能巧妙的避过杀毒软件的查杀,2
100,5787015,文件处理：电脑用户在删除文件以及处理废弃电脑时，一定要注意使用以下方法，对文件和电脑硬盘进行不可恢复性处理,2
101,5787015,完善法律：对个人来讲，要靠自觉与小心来防止隐私泄露,2
102,5787015,对国家和政府而言，加强立法，完善隐私保护机制是十分必要和有效的,2
103,5787015,"信息搜集制度改革：网站向用户收集资料,其目的是要对该信息的利用",2
104,5787015,对于一些对网站运营无用的信息，应该把选择权交回用户手中，让用户自己选择是否开放自己的信息,2
105,5787015,技术进步：信息在疯狂爆炸，然而防止隐私泄露的技术还是裹步不前,2
106,5787015,像PrivacyMark和TrackerScan这样的网络安全工具还有很大的上升空间,2
107,5787015,如图：返回的IP是1.202.188.113由IP位数知该网站采用的是TCP/IP协议中的IPV4协议,2
108,5787015,一个路由器作为网关，连通外网,2
109,5787015,下连一台核心交换机和分布交换机，交换机的作用就是将局域网的设备连接起来，并且配置策略,2
110,5787015,网络协议从最基本的角度讲，就是规则,2
111,5787015,它规定了计算机通过网络进行通信的方式,2
112,5787015,例如，当一个计算机请求一个文件服务器上的某个文件时，计算机就必须都同意大量的规则，如工作站和服务器之间传送的数量、运送信息包的地址信息，用于保证信息成功到达的错误检查例程以及远程发送的用于作保证运送信息包以正确的顺序到达的时序，（常用的网络通信协议：TCP/IP、IPX/SPX、NETBIOS，分别称为传输控制协议/网际协议、互联网信息交换包/顺序信息交换包、网络基本输入/输出系统）,2
113,5787015,第一层：物理层（PhysicalLayer)在这一层，数据的单位称为比特（bit）,1
114,5787015,物理层的主要设备：中继器、集线器、适配器,1
115,5787015,第二层：数据链路层（DataLinkLayer)在物理层提供比特流服务的基础上，建立相邻结点之间的数据链路，通过差错控制提供数据帧（Frame）在信道上无差错的传输，并进行各电路上的动作系列,1
116,5787015,数据链路层在不可靠的物理介质上提供可靠的传输,2
117,5787015,该层的作用包括：物理地址寻址、数据的成帧、流量控制、数据的检错、重发等,2
118,5787015,在这一层，数据的单位称为帧（frame）,1
119,5787015,数据链路层主要设备：二层交换机、网桥,2
120,5787015,第三层：网络层(Networklayer)在计算机网络中进行通信的两个计算机之间可能会经过很多个数据链路，也可能还要经过很多通信子网,1
121,5787015,网络层的任务就是选择合适的网间路由和交换结点，确保数据及时传送,2
122,5787015,网络层将数据链路层提供的帧组成数据包，包中封装有网络层包头，其中含有逻辑地址信息//源站点和目的站点地址的网络地址,2
123,5787015,如果你在谈论一个IP地址，那么你是在处理第3层的问题，这是“数据包”问题，而不是第2层的“帧”,2
124,5787015,IP是第3层问题的一部分，此外还有一些路由协议和地址解析协议（ARP）,1
125,5787015,有关路由的一切事情都在第3层处理,2
126,5787015,地址解析和路由是3层的重要目的,2
127,5787015,网络层还可以实现拥塞控制、网际互连等功能,2
128,5787015,在这一层，数据的单位称为数据包（packet）,2
129,5787015,网络层协议的代表包括：IP、IPX、RIP、ARP、RARP、OSPF等,1
130,5787015,网络层主要设备：路由器第四层：传输层(Transportlayer)第4层的数据单元也称作处理信息的传输层(Transportlayer),1
131,5787015,但是，当你谈论TCP等具体的协议时又有特殊的叫法，TCP的数据单元称为段（segments）而UDP协议的数据单元称为“数据报（datagrams）”,2
132,5787015,这个层负责获取全部信息，因此，它必须跟踪数据单元碎片、乱序到达的数据包和其它在传输过程中可能发生的危险,2
133,5787015,第4层为上层提供端到端（最终用户到最终用户）的透明的、可靠的数据传输服务,2
134,5787015,所谓透明的传输是指在通信过程中传输层对上层屏蔽了通信传输系统的具体细节,2
135,5787015,传输层协议的代表包括：TCP、UDP、SPX等,3
136,5787015,第五层：会话层(Sessionlayer)这一层也可以称为会晤层或对话层，在会话层及以上的高层次中，数据传送的单位不再另外命名，统称为报文,1
137,5787015,会话层不参与具体的传输，它提供包括访问验证和会话管理在内的建立和维护应用之间通信的机制,2
138,5787015,如服务器验证用户登录便是由会话层完成的,2
139,5787015,第六层：表示层(Presentationlayer)这一层主要解决用户信息的语法表示问题,1
140,5787015,它将欲交换的数据从适合于某一用户的抽象语法，转换为适合于OSI系统内部使用的传送语法,2
141,5787015,即提供格式化的表示和转换数据服务,2
142,5787015,数据的压缩和解压缩，加密和解密等工作都由表示层负责,2
143,5787015,例如图像格式的显示，就是由位于表示层的协议来支持,2
144,5787015,第七层：应用层(Applicationlayer)应用层为操作系统或网络应用程序提供访问网络服务的接口,1
145,5787015,应用层协议的代表包括：Telnet、FTP、HTTP、SNMP等,2
146,5787015,电子商务是利用计算机技术、网络技术和远程通信技术，实现整个商务(买卖)过程中的电子化、数字化和网络化,2
147,5787015,采样：在时间轴上对信号数字化；量化：在幅度轴上对信号数字化；编码：按一定格式记录采样和量化后的数字数据,2
148,5787015,编码的过程首先用一组脉冲采样时钟信号与输入的模拟音频信号相乘，相乘的结果即输入信号在时间轴上的数字化,2
149,5787015,然后对采样以后的信号幅值进行量化,2
150,5787015,最简单的量化方法是均衡量化，这个量化的过程由量化器来完成,2
151,5787015,对经量化器A/D变换后的信号再进行编码，即把量化的信号电平转换成二进制码组，就得到了离散的二进制输出数据序列x(n)，n表示量化的时间序列，x(n)的值就是n时刻量化后的幅值，以二进制的形式表示和记录,2
152,5787015,BMP：基本位图格式，没有压缩,2
153,5787015,经常用于充当图像元素，如计算机程序中的按钮和控件,2
154,5787015,JPEG：按照JPEG标准压缩过的位图,2
155,5787015,可以用于很多应用程序，如网页中的图片等,2
156,5787015,GIF：经过压缩，网页图像的常用式,1
157,5787015,PNG：用于网页图片的GIF格式的变形,2
158,5787015,1、矢量图矢量图又叫向量图，是用一系列计算机指令来描述和记录一幅图，一幅图可以解为一系列由点、线、面等到组成的子图，它所记录的是对象的几何形状、线条粗细和色彩等,2
159,5787015,生成的矢量图文件存储量很小，特别适用于文字设计、图案设计、版式设计、标志设计、计算机辅助设计（CAD）、工艺美术设计、插图等,2
160,5787015,矢量图只能表示有规律的线条组成的图形，如工程图、三维造型或艺术字等；对于由无规律的像素点组成的图像（风景、人物、山水），难以用数学形式表达，不宜使用矢量图格式；其次矢量图不容易制作色彩丰富的图像，绘制的图像不很真实，并且在不同的软件之间交换数据也不太方便,2
161,5787015,另外，矢量图像无法通过扫描获得，它们主要是依靠设计软件生成,2
162,5787015,矢量绘图程序定义（像数学计算）角度、圆弧、面积以及与纸张相对的空间方向，包含赋予填充和轮特征性的线框,2
163,5787015,常见的矢量图处理软件有CoreIDRAW、AutoCAD、Illustrator和FreeHand等,2
164,5787015,2、位图位图又叫点阵图或像素图，计算机屏幕上的图你是由屏幕上的发光点（即像素）构成的，每个点用二进制数据来描述其颜色与亮度等信息，这些点是离散的，类似于点阵,2
165,5787015,多个像素的色彩组合就形成了图像，称之为位图,2
166,5787015,位图在放大到一定限度时会发现它是由一个个小方格组成的，这些小方格被称为像素点，一个像素是图像中最小的图像元素,2
167,5787015,在处理位图图像时，所编辑的是像素而不是对象或形状，它的大小和质量取决于图像中的像素点的多少，每平方英寸中所含像素越多，图像越清晰，颜色之间的混和也越平滑,2
168,5787015,计算机存储位图像实际上是存储图像的各个像素的位置和颜色数据等到信息，所以图像越清晰，像素越多，相应的存储容量也越大,2
169,5787015,位图图像与矢量图像相比更容易模仿照片似的真实效果,2
170,5787015,位图图像的主要优点在于表现力强、细腻、层次多、细节多，可以十分容易的模拟出像照片一样的真实效果,2
171,5787015,由于是对图像中的像素进行编辑，所以在对图像进行拉伸、放大或缩小等到处理时，其清晰度和光滑度会受到影响,2
172,5787015,位图图像可以通过数字相机、扫描或PhotoCD获得，也可以通过其他设计软件生成位图图像，也称点阵图像或绘制图像，是由称作像素的单个点组成的,2
173,5787015,当放大位图时，可以看见构成图像的单个图片元素,2
174,5787015,扩大位图尺寸就是增大单个像素，会使线条和形状显得参差不齐,2
175,5787015,但是如果从稍远一点的位置观看，位图图像的颜色和形状又是连续的，这就是位图的特点,2
176,5787015,矢量图像，也称绘图图像，在数学上定义为一系列点与点之间的关系，矢量图可以任意放大或缩小而不会出现图像失真现象,2
177,5787015,扫描仪数码相机手写板各种打印机和绘图仪声卡音箱视频卡电视接收卡摄像头,2
178,5787015,硬件部分：包括主机、硬盘驱动器、显示器、网卡、扫描仪、音频信息处理硬件、视频信息处理硬件及光盘驱动器等,2
179,5787015,软件部分：包括多媒体计算机的操作系统，在原基础上扩充多媒体资源管理与信息处理的功能,2
180,5787015,多媒体编辑工具包括字处理软件、绘图软件、图像处理软件、动画制作软件、声音编辑软件以及视频编辑软件,2
181,5787015,1、文本:由语言文字和符号字符组成的数据文件,2
182,5787015,可以表达文字信息，说明的更加清楚,2
183,5787015,2、图像:通过描述画面中各个像素的亮度和颜色等组成的数据文件,1
184,5787015,也叫点位图或位图图像,2
185,5787015,表达实际事物,2
186,5787015,3、图形:矢量图形的简称,1
187,5787015,即生成一幅图形由数学方法组成的数据文件,2
188,5787015,一般可将图形看作是图像的抽象,2
189,5787015,4、动画:将静态的图像、图形及连环图画等按一定时间顺序显示而形成连续的动态画面,4
190,5787015,人为创造的表现形式,2
191,5787015,5、音频:声音信号，即相应于人类听觉可感知范围内的频率,1
192,5787015,6、视频:可视信号，即计算机屏幕上显示出来的动态信息，如动态图形、动态图像、动画等,2
193,5787015,1、选择查询：在查询设计器中，给出查询条件2、参数查询：是一种动态查询，这种查询会在一个查询窗口中输入查询条件，点确定，直接给出查询结果,2
194,5787015,这种查询完全由用户控制,2
195,5787015,参数查询一般创建在选择查询基础上，在运行查询时会出现一个或多个对话框，要求输入查询条件,2
196,5787015,分为单参数和多参数，在条件行写[参数内容]3、操作查询：用于创建新表或者对现有表中的数据进行修改和数据维护，能批量的对数据进行导出、删除操作,2
197,5787015,分为：?更新查询?追加查询?删除查询?生成表查询，这设计视图中进行相应查询操作即可，最后返回原数据表查看结果,2
198,5787015,4、交叉表查询：通常以一个字段作为表的行标题，以另一个字段的取值作为列标题，在行和列的交叉点单元格处获得数据的汇总信息，以达到数据统计的目的,2
199,5787015,方便分析和使用,2
200,5787015,可采取交叉别查询向导和设计视图完成,2
201,5787015,输入掩码：限制用户输入数据的格式，对数据输入做出控制以保证输入正确的数据,2
202,5787015,可使用掩码向导，也可自定义输入掩码,2
203,5787015,默认值：添加新记录时自动向此字段分配指定值,1
204,5787015,设置有效性规则和有效性文本：输入数据时有时需要限定输入数据的内容,2
205,5787015,数据类型：文本/文本或数字文本备注/长文本数字/数学计算的数值数据日期和时间/日期和时间数据货币/货币计算是否/只含两值之一的数据计算字段/计算结果超链接/邮箱、网址和文档附件/文档、图片等数据OLE对象和查阅/图片自动编号型/一般用于主关键字,2
206,5787015,建表方法：1、使用设计器创建表2、使用数据表视图创建表3、通过数据导入创建表建表要素：字段名称、数据类型、字段大小三种视图模式：列表视图、设计视图、数据表视图,2
207,5787015,作用：是着重用逻辑的过程或主要的业务来描述对象系统，描述系统要“做什么”，或者说具有哪些功能,1
208,5787015,"根据分析系统的实际需求决策构建数据库逻辑关系模型,定义数据库物体结构及其关系",2
209,5787015,它关联着数据仓库的逻辑模型和物理模型两方,2
210,5787015,构成：数据结构数据操作约束条件,2
211,5787015,数据库概念模型的作用：1、收集信息2、标识对象3、建立对象间的关系4、标识对象信息模型数据库概念模型的设计方法：采用E/R图设计,2
212,5787015,特点：1、数据共享性2、数据冗余度小3、数据一致性,2
213,5787015,4、具有数据完整性措施,2
214,5787015,5、可以采用交互式或程序方式操作构成：DBS（数据库系统）=OS（操作系统）+DB（数据）+DBMS（数据库管理喜用）+DBA（数据库管理员）,5
215,5787015,1、人工管理阶段2、文件系统阶段3、数据库技术阶段,2
216,5787015,在51之前我做完了4单元测试题，提交了，进度条显示了,2
217,5787015,今儿来发现没成绩了，又要重新做,2
218,5787015,动画能使文稿看起来更加赏心悦目，更具有感染力及表现力,2
219,5787015,好的动画风格统一，力求简约，不花哨,2
220,5787015,符合当前场景,2
221,5787015,封面页分章节内容页总结页,2
222,5787015,如图所示：这是没有次坐标抽的图标,2
223,5787015,这是有次坐标轴的图标,2
224,5787015,次要坐标轴可以更精确的定位图标的X，Y轴,2
225,5787015,进入“图标选项”，选择“坐标抽”，分类（X）轴点“自动”,5
226,5787015,通配符即符号“?”，可以替代任何字符，如图：,2
227,5787015,我用的WPS，打开“工具”/“选项”，切换到“自定义序列”，输入数学、计算机、代数、英语，如图所示：点击”添加“，点击”确定“,5
228,5787015,1、快捷键ctrl+a///全选2、编辑区任何地方三击左键////选中该段3、鼠标选择要选的区域4、把鼠标放在要选区域的最前面，滚动轴滚到末端后按住shift建店左键选中整个区域5、按住ctrl鼠标左键选可跳跃选择区域！！！6、将鼠标放在最左边，待鼠标改为反方向时点左键//选中该行,2
229,5787015,在打开的“图片工具”功能区的“格式”选项卡中，单击“排列”分组中的“位置”按钮，则在打开的预设位置列表中选择合适的文字环绕方式,5
230,5787015,这些文字环绕方式包括“顶端居左，四周型文字环绕”、“顶端居中，四周型文字环绕”、“中间居左，四周型文字环绕”、“中间居中，周型文字环绕”、“中间居右，四周型文字环绕”、“底端居左，四周型文字环绕”、“底端居中，四周型文字环绕”、“底端居右，四周型文字环绕”九种方式,2
231,5787015,如果用户希望在Word2010文档中设置更富的文字环绕方式，可以在“排列”分组中单击“自动换行”按钮，在打开的菜单中选择合适的文字环绕方式即可,1
232,5787015,格式刷：格式刷位于“格式”工具栏上，就是一把“刷子”,1
233,5787015,用它“刷”格式，可以快速将指定段落或文本的格式延用到其他段落或文本上，让我们免受重复设置之苦！样式：是指用有意义的名称保存的字符格式和段落格式的集合，这样在编排重复格式时，先创建一个该格式的样式，然后在需要的地方套用这种样式，就无须一次次地对它们进行重复的格式化操作了,1
234,5787015,节：文档的一部分，可在其中设置某些页面格式选项,2
235,5787015,若要更改例如行编号、列数或页眉和页脚等属性，请创建一个新的节,2
236,5787015,分栏：一个页面分开多个版面，节约版面，易阅读查看,1
237,5787015,项目符号和编号：是放在文本前的点或其它符号，起到强调作用,2
238,5787015,合理使用项目符号和编号，可以使文档的层次结构更清晰、更有条理,2
239,5787015,1.普通视图：在Word2003中，普通视图是默认的视图方式，普通视图简化了页面的布局，这样可快速键入或编辑文字,2
240,5787015,普通视图的重新分页和屏幕刷新速度在各种视图中是最快的，在普通视图下有些信息诸如页眉/页脚、图形标注等都不显示，若要在普通视图中进行页眉/页脚操作，则需要从“视图”菜单项中选择“页眉和页脚”，打开页眉/页脚窗口,2
241,5787015,普通视图下的自动分页符以点线表示，人工分页符以带有“分页符”字样的虚线来表示，分节符以带有“分节符”字样的双点线表示，如图1所示,2
242,5787015,如果要在普通视图下进一步提高Word2003的显示和处理文档的速度，可以从“工具”菜单中选择“选项”，在打开的“选项”对话框中单击“视图”标签，选中“草稿字体”，“确定”即可,5
243,5787015,2.Web版式视图：Web版式视图是新增的用以取代Word97的联机版式视图来满足用户需要的,2
244,5787015,Web版式视图主要用于HTML文档的编辑，HTML（*.htm）是Web网页格式文件，在Web版式视图方式下编辑文档，可以更准确地看到其在Web浏览器中显示的效果,2
245,5787015,此外，在该视图方式下还可以应用Word2000创建和编辑Web页面,2
246,5787015,3.页面视图：在页面视图中，可以看到对象在实际打印页面的位置，在该视图中可以查看和编辑页眉和页脚，只需用鼠标双击页眉/页脚区，Word2003就会自动显示“页眉/页脚”工具栏，还可以在该视图中调整页边距，以及处理分栏、图形对象和边框,2
247,5787015,屏幕顶端和两边的暗灰色背景就是对应于所设置的打印纸张类型之外的区域，如图2所示,2
248,5787015,在页面视图中可以显示或隐藏非打印字符，这些非打印字符不会被打印出来，只是作为控制字符显示在屏幕上，以便于查看或编辑文档，例如回车符、段落标记、制表符、空格等,2
249,5787015,这样就可以很容易地看到是否在单词之间添加了多余的空格，键入的是空格还是制表符,2
250,5787015,Word使用箭头代表制表符，圆点代表空格,2
251,5787015,如果在文档中绘制图形或加入标注时，Word2003将自动切换到页面视图模式,2
252,5787015,4.大纲视图：大纲视图显示文档的层次结构，如章、节、标题等，这对于长文档来说，可以让用户清晰地看到它的概况简要,2
253,5787015,在大纲视图中，可折叠文档只查看到某级标题，或者扩展文档以查看整个文档，还可以通过拖动标题来移动、复制或重新组织正文,2
254,5787015,进入大纲视图时会自动出现大纲工具栏，其中就包括有关主控文档的按钮，主控文档用来组织和维护一个长文档，主控文档视图可以将多篇Word文档组成一篇主控文档，然后对长文档进行修改编辑,2
255,5787015,在浏览或编辑文档中相距较远的两部分信息可以使用屏幕拆分方式，将显示窗口拆分成两个窗口，拆分后的上下两个窗口可以使用不同的视图,2
256,5787015,另外还有一种阅读版式视图，以图书的分栏样式显示Word文档，“文件”按钮、功能区等窗口元素被隐藏起来,5
257,5787015,在阅读版式视图中，用户还可以单击“工具”按钮选择各种阅读工具,1
258,5787015,批注：对部分文字或操作（删除、增加文字等）进行注解、诠释,1
259,5787015,修订：修订是指修改格式、删除或增加内容,3
260,5787015,修订也是一种操作，所以修订的过程在修订完成后也将以批注的形式在文段附近展示,2
261,5787015,对齐方式、缩进、段间距、行间距,1
262,5787015,字体、字号、颜色、效果、字体间距以及其它特殊效果的设置,1
263,5787015,记事本只能输入文字，没有格式颜色等功能，文件格式txt,2
264,5787015,记事本用于纯文本文档的编辑，功能没有写字板强大，适于编写一些篇幅短小的文件，由于它使用方便、快捷，应用也是比较多的写字板是windows自带的缩水版word，有基本功能，格式rtf或txt,1
265,5787015,“写字板”是一个使用简单，但却功能强大的文字处理程序，用户可以利用它进行日常工作中文件的编辑,1
266,5787015,它不仅可以进行中英文文档的编辑，而且还可以图文混排，插入图片、声音、视频剪辑等多媒体资料,2
267,5787015,Word提供了许多易于使用的文档创建工具，同时也提供了丰富的功能集供创建复杂的文档使用,2
268,5787015,功能最为强大,2
269,5787015,计算机是一门研究用计算机进行信息表示和处理的科学,2
270,5787015,这里面涉及到两个问题：信息的表示，信息的处理,2
271,5787015,而信息的表示和组织又直接关系到处理信息的程序的效率,2
272,5787015,随着计算机的普及，信息量的增加，信息范围的拓宽，使许多系统程序和应用程序的规模很大，结构又相当复杂,2
273,5787015,因此，为了编写出一个“好”的程序，必须分析待处理的对象的特征及各对象之间存在的关系，这就是数据结构这门课所要研究的问题,2
274,5787015,众所周知，计算机的程序是对信息进行加工处理,2
275,5787015,在大多数情况下，这些信息并不是没有组织，信息（数据）之间往往具有重要的结构关系，这就是数据结构的内容,3
276,5787015,数据的结构，直接影响算法的选择和效率,2
277,5787015,计算机解决一个具体问题时，从具体问题中抽象出一个适当的数学模型，然后设计一个解此数学模型的算法（Algorithm），最后编出程序、进行测试、调整直至得到最终解答,2
278,5787015,寻求数学模型的实质是分析问题，从中提取操作的对象，并找出这些操作对象之间含有的关系，然后用数学的语言加以描述,2
279,5787015,计算机算法与数据的结构密切相关，算法无不依附于具体的数据结构，数据结构直接关系到算法的选择和效率,2
280,5787015,运算是由计算机来完成，这就要设计相应的插入、删除和修改的算法,2
281,5787015,也就是说，数据结构还需要给出每种结构类型所定义的各种运算的算法,2
282,5787015,顺序结构――顺序语句由语句序列组成，程序执行时，按照语句的顺序，从上而下，一条一条地顺序执行,2
283,5787015,选择结构――分支语句根据一定的条件决定执行哪一部分的语句序列,2
284,5787015,又分为单分支选择、双分支选择和多分支选择,2
285,5787015,循环结构――循环语句使同一个语句组根据一定的条件执行若干次,2
286,5787015,又分为直到型循环和当型循环,2
287,5787015,高级语言是从人类的逻辑思维角度出发的计算机语言，抽象程度大大提高，需要经过编译成特定机器上的目标代码才能执行，一条高级语言的语句往往需要若干条机器指令来完成,2
288,5787015,高级语言独立于机器的特性是靠编译器为不同机器生成不同的目标代码(或机器指令)来实现的,2
289,5787015,那具体的说，要将高级语言编译到什么程度呢，这又跟编译的技术有关了，既可以编译成直接可执行的目标代码，也可以编译成一种中间表示，然后拿到不同的机器和系统上去执行，这种情况通常又需要支撑环境，比如解释器或虚拟机的支持，Java程序编译成bytecode，再由不同平台上的虚拟机执行就是很好的例子,2
290,5787015,所以，说高级语言不依赖于机器，是指在不同的机器或平台上高级语言的程序本身不变，而通过编译器编译得到的目标代码去适应不同的机器,2
291,5787015,从这个意义上来说，通过交叉汇编，一些汇编程序也可以获得不同机器之间的可移植性，但这种途径获得的移植性远远不如高级语言来的方便和实用性大,2
292,5787015,文档编辑：WPS视频播放：迅雷看看音频播放：酷狗云盘存储：百度云、360云盘聊天：QQ、阿里旺旺安全：360安全卫士、卡巴斯基、麦咖啡浏览器：IE阅读：福昕,2
293,5787015,1、记事本：一个编辑纯文本文件的应用程序,1
294,5787015,文本文件只包含基本的可显示字符，不包含任何动画、图形等其他格式的信息,2
295,5787015,文本文件的扩展名为.TXT,3
296,5787015,打开步骤如下：单击【开始】按钮→选择【程序】菜单→【附件】→单击【记事本】命令；双击后缀名为txt的文件或右击鼠标在弹出式菜单中选择【编辑】命令，也可以打开“记事本”.2、写字板：比“记事本”多了工具栏、格式栏、标尺，可以对文本进行格式化,5
297,5787015,3、画图：画图程序是一个简单的画图工具，用户可以使用它绘制黑白或彩色的图形，并可将这些图形存为位图文件（,1
298,5787015,bmp文件），可以打印，也可以将它作为桌面背景，或者粘贴到另一个文档中，还可以使用“画图”查看和编辑扫描的相片等,1
299,5787015,画图的打开步骤：单击“开始”按钮→在【程序】菜单中打开【附件】→单击【画图】命令启动“画图”程序4、计算器：四则运算，科学计算,1
300,5787015,5、录音机：录音,2
301,5787015,1、左键单击定位,2
302,5787015,双击打开或关闭目标，调整目标大小,2
303,5787015,2、右键单击激活属性等其它快捷功能,2
304,5787015,3、滚轮拉动滚动条、缩放,1
305,5787015,4、还有DPI调节按键，以及其他可自定义按键,2
306,5787015,（1）标题栏,1
307,5787015,窗口上方的蓝条区域，标题栏左边有控制菜单图表和窗口中程序的名称,2
308,5787015,（2）菜单栏,1
309,5787015,位于标题栏的下边，包含很多菜单,2
310,5787015,（3）工具栏,1
311,5787015,位于菜单栏下方，它以按扭的形式给出了用户最经常使用的一些命令，比如，复制，粘贴等,1
312,5787015,（4）工作区域,2
313,5787015,窗口中间的区域，窗口的输入输出都在它里面进行,2
314,5787015,（5）状态栏,1
315,5787015,位于窗口底部，显示运行程序的当前状态，通过它用户可以了解到程序运行的情况,2
316,5787015,（6）滚动条,1
317,5787015,如果窗口中显示的内容过多，当前可见的部分不够显示时，窗口就会出现滚动条，分为水平与垂直两种,2
318,5787015,（7）窗口缩放按纽,2
319,5787015,即最大化、最小化、关闭按纽,2
320,5787015,1.批处理操作系统批处理(BatchProcessing)操作系统的工作方式是：用户将作业交给系统操作员，系统操作员将许多用户的作业组成一批作业，之后输入到计算机中，在系统中形成一个自动转接的连续的作业流，然后启动操作系统，系统自动、依次执行每个作业,2
321,5787015,最后由操作员将作业结果交给用户,2
322,5787015,批处理操作系统的特点是：多道和成批处理,2
323,5787015,2．分时操作系统分时(TimeSharing)操作系统的工作方式是：一台主机连接了若干个终端，每个终端有一个用户在使用,2
324,5787015,用户交互式地向系统提出命令请求，系统接受每个用户的命令，采用时间片轮转方式处理服务请求，并通过交互方式在终端上向用户显示结果,2
325,5787015,用户根据上步结果发出下道命,2
326,5787015,分时操作系统将CPU的时间划分成若干个片段，称为时间片,2
327,5787015,操作系统以时间片为单位，轮流为每个终端用户服务,2
328,5787015,每个用户轮流使用一个时间片而使每个用户并不感到有别的用户存在,2
329,5787015,分时系统具有多路性、交互性、“独占”性和及时性的特征,2
330,5787015,多路性指，伺时有多个用户使用一台计算机，宏观上看是多个人同时使用一个CPU，微观上是多个人在不同时刻轮流使用CPU,2
331,5787015,交互性是指，用户根据系统响应结果进一步提出新请求(用户直接干预每一步),2
332,5787015,“独占”性是指，用户感觉不到计算机为其他人服务，就像整个系统为他所独占,2
333,5787015,及时性指，系统对用户提出的请求及时响应,2
334,5787015,它支持位于不同终端的多个用户同时使用一台计算机，彼此独立互不干扰，用户感到好像一台计算机全为他所用,2
335,5787015,常见的通用操作系统是分时系统与批处理系统的结合,2
336,5787015,其原则是：分时优先，批处理在后,2
337,5787015,“前台”响应需频繁交互的作业，如终端的要求；“后台”处理时间性要求不强的作业,2
338,5787015,3．实时操作系统实时操作系统(RealTimeOperatingSystem，RTOS)是指使计算机能及时响应外部事件的请求在规定的严格时间内完成对该事件的处理，并控制所有实时设备和实时任务协调一致地工作的操作系统,2
339,5787015,实时操作系统要追求的目标是：对外部请求在严格时间范围内做出反应，有高可靠性和完整性,2
340,5787015,其主要特点是资源的分配和调度首先要考虑实时性然后才是效率,2
341,5787015,此外，实时操作系统应有较强的容错能力,2
342,5787015,4．网络操作系统网络操作系统是基于计算机网络的，是在各种计算机操作系统上按网络体系结构协议标准开发的软件，包括网络管理、通信、安全、资源共享和各种网络应用,1
343,5787015,其目标是相互通信及资源共享,2
344,5787015,在其支持下，网络中的各台计算机能互相通信和共享资源,2
345,5787015,其主要特点是与网络的硬件相结合来完成网络的通信任务,2
346,5787015,5．分布式操作系统它是为分布计算系统配置的操作系统,2
347,5787015,大量的计算机通过网络被连结在一起，可以获得极高的运算能力及广泛的数据共享,2
348,5787015,这种系统被称作分布式系统(DistributedSystem),2
349,5787015,它在资源管理，通信控制和操作系统的结构等方面都与其他操作系统有较大的区别,2
350,5787015,由于分布计算机系统的资源分布于系统的不同计算机上，操作系统对用户的资源需求不能像一般的操作系统那样等待有资源时直接分配的简单做法而是要在系统的各台计算机上搜索，找到所需资源后才可进行分配,2
351,5787015,对于有些资源，如具有多个副本的文件，还必须考虑一致性,2
352,5787015,所谓一致性是指若干个用户对同一个文件所同时读出的数据是一致的,2
353,5787015,为了保证一致性，操作系统须控制文件的读、写、操作，使得多个用户可同时读一个文件，而任一时刻最多只能有一个用户在修改文件,1
354,5787015,分布操作系统的通信功能类似于网络操作系统,2
355,5787015,由于分布计算机系统不像网络分布得很广，同时分布操作系统还要支持并行处理，因此它提供的通信机制和网络操作系统提供的有所不同，它要求通信速度高,2
356,5787015,分布操作系统的结构也不同于其他操作系统，它分布于系统的各台计算机上，能并行地处理用户的各种需求，有较强的容错能力,2
357,2012082,"压缩的原理：是把文件的二进制代码压缩，把相邻的0,1代码减少，比如有000000,可以把它变成6个0的写法60,来减少该文件的空间",2
358,2012082,下载技术演变：1.主从架构方式2.断点续传方式3.多线程并行方式：如网络蚂蚁4.镜像服务器方式主要压缩工具：winrar、360压缩、WinZip、7/Zip,2
359,2012082,系统工具软件：磁盘碎片的清理与整理、任务管理器等压缩软件工具：用于文件的存储与传输下载工具：下载资源，加快下载速度多媒体工具：视频播放工具、音乐播放器等安全工具：查杀毒软件，聊天工具：方便交流沟通,1
360,2012082,智能手机出货将远超传统手机终端将向定制化发展终端融合化和云化发展趋势更加明显行业应用专用终端将是新兴市场终端紧密服务于业务将是大势所趋未来终端的竞争将是平台竞争,2
361,2012082,1.不熟悉的网站不要随意点开，更不要随便输入账户和密码2.如需进行支付或重要操作时，免费WIFI不要连，尽量采用数据接入方式3.在网站注册时，不要留有过详细的个人信息，尤其是身份证信息等重要信息4.在公用电脑上登陆过，一定要清除COOKIES和表单信息5.不要安装流氓软件，打开邮件或消息的链接要留心等,2
362,2012082,1.2014年3月26日，携程“安全门”事件：携程网被指出安全支付日志存在漏洞，导致大量用户银行卡信息泄露,2
363,2012082,携程第一时间进行技术排查和修复,2
364,2012082,并表示，如用户因此产生损失，携程将赔偿,2
365,2012082,在获利的同时，电商如何对用户信息进行保护引发人们思考,2
366,2012082,2.2014年5月，山寨网银及山寨微信大量窃取网银信息：山寨网银和山寨微信客户端，伪装成正常网银客户端的图标、界面，在手机软件中内嵌钓鱼网站，欺骗网民提交银行卡号、身份证号、银行卡有效期等关键信息，同时，部分手机病毒可拦截用户短信，中毒用户面临网银资金被盗的风险,2
367,2012082,3.2014年6月，免费WiFi存陷阱，窃取用户手机中的敏感信息：黑客通过公共场所免费WiFi诱导用户链接而获取手机中银行卡、支付宝等账户信息从而盗取资金的消息，引发了网民对于免费WiFi安全性的担忧,2
368,2012082,4.2014年8月12日，1400万快递数据遭贩卖：警方破获了一起信息泄露案件，犯罪嫌疑人通过快递公司官网漏洞，登录网站后台，然后再通过上传（后门）工具就能获取该网站数据库的访问权限，获取了1400万条用户信息，除了有快递编码外，还详细记录着收货和发货双方的姓名、电话号码、住址等个人隐私信息，而拿到这些数据仅用了20秒的时间,2
369,2012082,5.2014年9月，美国家得宝公司确认其支付系统遭到网络攻击：将近有5600万张银行卡的信息被盗，这比去年发生在Target的客户银行卡数据被盗事件还要严重,2
370,2012082,在大数据时代到来以后，隐私泄露会更加严重，除非你不上网，否则在技术上无法做到完全的保护,2
371,2012082,要真正保障每个公民的隐私权和安全，是需要靠法律和道德，靠每一个人的良知和社会组织的进步，以及科学技术的发展,2
372,2012082,注册名：当我们在网络上注册ID的时候，很容易暴露我们的身份信息,3
373,2012082,禁用cookies：网站搜集用户数据主要利用cookies，这是计算机自带的一项功能，用于辨别用户的身份,2
374,2012082,调整Cookie的安全级别，并作相应清理,2
375,2012082,多个邮箱：如果你频繁使用同一个邮箱在不同网站进行操作，数据挖掘和分析最终还是能找到你,2
376,2012082,在不同社交网站上使用不同姓名和邮箱能有效提高防止被机器认出的概率,2
377,2012082,不要主动上传敏感信息杜绝手机流氓软件：这种软件会后台默默上传你的通话记录和聊天短信等，而且能巧妙的避过杀毒软件的查杀,2
378,2012082,文件处理：电脑用户在删除文件以及处理废弃电脑时，一定要注意使用以下方法，对文件和电脑硬盘进行不可恢复性处理,2
379,2012082,完善法律：对个人来讲，要靠自觉与小心来防止隐私泄露,2
380,2012082,对国家和政府而言，加强立法，完善隐私保护机制是十分必要和有效的,2
381,2012082,"信息搜集制度改革：网站向用户收集资料,其目的是要对该信息的利用",2
382,2012082,对于一些对网站运营无用的信息，应该把选择权交回用户手中，让用户自己选择是否开放自己的信息,2
383,2012082,技术进步：信息在疯狂爆炸，然而防止隐私泄露的技术还是裹步不前,2
384,2012082,像PrivacyMark和TrackerScan这样的网络安全工具还有很大的上升空间,2
385,2012082,中国农业大学（http://www.cau.edu.cn）的TCP/IP协议类型：TCP/传输控制协议、IP/网际协议、HTTP/超文本传输协议,2
386,2012082,该域名对应的实际IP地址：114.215.217.115,2
387,2012082,计算机：终端传输媒体：传输通道网络适配器：局域网中连接计算机和传输介质的接口，不仅能实现与局域网传输介质之间的物理连接和电信号匹配，还涉及帧的发送与接收、帧的封装与拆封、介质访问控制、数据的编码与解码以及数据缓存的功能等,1
388,2012082,网络连接设备：把网络中的通信线路连接起来网络操作系统：向网络计算机提供服务,2
389,2012082,1TCP/IP协议2.UDP协议：用户数句包协议3.ICMP协议：控制报文协议4.ARP协议：地址解析协议5.SOCKET协议：套接字6.HTTP7.FTP等等,2
390,2012082,OSI/RM模型将计算机网络通信协议分为七层：物理层数据链路层网络层传输层会话层表示层应用层TCP/IP模型将网络体系结构分为4层：应用层传输层网际层网络接口层,2
391,2012082,电子商务是利用计算机技术、网络技术和远程通信技术，实现整个商务过程中的电子化、数字化和网络化,2
392,2012082,人们不再是面对面的、看着实实在在的货物、靠纸介质单据（包括现金）进行买卖交易,2
393,2012082,而是通过网络，通过网上琳琅满目的商品信息、完善的物流配送系统和方便安全的资金结算系统进行交易（买卖）,2
394,2012082,电子商务的发展是建立在网络发展的基础上的，电子商务的实现更是离不开网络，网络技术足电子商务的关键技术之一,2
395,2012082,此外还有Web浏览技术、安全技术、数据库技术、电子支付技术等,2
396,2012082,取样量化编码由于音频信号是一种连续变化的模拟信号，而计算机只能处理和记录二进制的数字信号，因此，由自然音源而得的音频信号必须经过一定的变化和处理，变成二进制数据后才能送到计算机进行再编辑和存贮,2
397,2012082,PCM(PulseCodeModulation)脉冲编码调制是一种模数转换的最基本编码方法,1
398,2012082,它把模拟信号转换成数字信号的过程称为模/数转换，它主要包括:采样:在时间轴上对信号数字化;量化:在幅度轴上对信号数字化;编码:按一定格式记录采样和量化后的数字数据,2
399,2012082,编码的过程首先用一组脉冲采样时钟信号与输入的模拟音频信号相乘，相乘的结果即输入信号在时间轴上的数字化,2
400,2012082,然后对采样以后的信号幅值进行量化,2
401,2012082,最简单的量化方法是均衡量化，这个量化的过程由量化器来完成,2
402,2012082,对经量化器A/D变换后的信号再进行编码，即把量化的信号电平转换成二进制码组，就得到了离散的二进制输出数据序列x(n)，n表示量化的时间序列，x(n)的值就是n时刻量化后的幅值，以二进制的形式表示和记录,2
403,2012082,矢量图的清晰度与分辨率的大小无关，对矢量图进行缩放时，图形对象仍保持原有的清晰度和光滑度，不会发生任何偏差,2
404,2012082,位图：也叫做点阵图，删格图象，像素图，位图图像是由像素构成的，像素的多少将决定位图图像的显示质量和文件大小，位图图像的分辨率越高，其显示越清晰，文件所占的空间也就越大,1
405,2012082,矢量图的清晰度与分辨率的大小无关，对矢量图进行缩放时，图形对象仍保持原有的清晰度和光滑度，不会发生任何偏差,2
406,2012082,位图：也叫做点阵图，删格图象，像素图，位图图像是由像素构成的，像素的多少将决定位图图像的显示质量和文件大小，位图图像的分辨率越高，其显示越清晰，文件所占的空间也就越大,1
407,2012082,键盘、鼠标、显示器、声卡、显卡、显示器、扬声器、硬盘摄像头扫描仪数码相机数码摄像机刻录机触摸屏打印机....,3
408,2012082,多媒体计算机系统由多媒体计算机硬件和多媒体计算机软件两部分组成主要硬件：主机、软盘驱动器、硬盘驱动器、显示器、网卡之外，还要有音频信息处理硬件、视频信息处理硬件及光盘驱动器等部分,1
409,2012082,软件：多媒体计算机的操作系统必须在原基础上扩充多媒体资源管理与信息处理的功能,2
410,2012082,多媒体编辑工具包括字处理软件、绘图软件、图像处理软件、动画制作软件、声音编辑软件以及视频编辑软件,2
411,2012082,(1)文本:由语言文字和符号字符组成的数据文件,2
412,2012082,可以表达文字信息，说明的更加清楚,2
413,2012082,(2)图像:通过描述画面中各个像素的亮度和颜色等组成的数据文件,1
414,2012082,也叫点位图或位图图像,2
415,2012082,表达实际事物,2
416,2012082,(3)图形:矢量图形的简称,1
417,2012082,即生成一幅图形由数学方法组成的数据文件,2
418,2012082,一般可将图形看作是图像的抽象,2
419,2012082,(4)动画:将静态的图像、图形及连环图画等按一定时间顺序显示而形成连续的动态画面,4
420,2012082,人为创造的表现形式,2
421,2012082,(5)音频:声音信号，即相应于人类听觉可感知范围内的频率,1
422,2012082,(6)视频:可视信号，即计算机屏幕上显示出来的动态信息，如动态图形、动态图像、动画等,2
423,2012082,而多媒体技术，是指采用计算机技术，将各种媒体以数字化的方式集成在一起，从而使计算机具有了能同时获取、处理、编辑、存储和展示多体信息的能力,1
424,2012082,Access的查询类型：1、选择查询：在查询设计器中，给出查询条件2、参数查询：是一种动态查询，这种查询会在一个查询窗口中输入查询条件，点确定，直接给出查询结果,2
425,2012082,这种查询完全由用户控制,2
426,2012082,参数查询一般创建在选择查询基础上，在运行查询时会出现一个或多个对话框，要求输入查询条件,2
427,2012082,分为单参数和多参数，在条件行写[参数内容]3、操作查询：用于创建新表或者对现有表中的数据进行修改和数据维护，能批量的对数据进行导出、删除操作,2
428,2012082,分为：?更新查询?追加查询?删除查询?生成表查询，这设计视图中进行相应查询操作即可，最后返回原数据表查看结果,2
429,2012082,4、交叉表查询：通常以一个字段作为表的行标题，以另一个字段的取值作为列标题，在行和列的交叉点单元格处获得数据的汇总信息，以达到数据统计的目的,2
430,2012082,方便分析和使用,2
431,2012082,可采取交叉别查询向导和设计视图完成,2
432,2012082,Access的主要设计过程：确定创建数据库的目的、确定数据库中需要的表、确定该表中需要的字段、确定主关键字和确定表之间的关系等步骤,2
433,2012082,设置字段的输入掩码：限制用户输入数据的格式，对数据输入做出控制以保证输入正确的数据,2
434,2012082,可使用掩码向导，也可自定义输入掩码,2
435,2012082,设置有效性规则和有效性文本：输入数据时有时需要限定输入数据的内容,2
436,2012082,默认值：添加新记录时自动向此字段分配指定值,1
437,2012082,Access基本数据类型包括：文本、备注、数字、日期和时间、货币、是否、计算字段、超链接、附件、OLE对象和查阅等类型,2
438,2012082,每种类型有着各自的作用,2
439,2012082,1、文本型：用来存放字符串数据，存放最大长度为255个字符,2
440,2012082,设置字段大小属性可设置能输入的最大字符个数,2
441,2012082,包含文本或数字文本，其中文本型数字不能进行计算,2
442,2012082,2、数字型：数学计算的数值数据，用来存储由整数、实数等可以进行计算的数据,2
443,2012082,可以分为整型、长整型、单精度型、双精度型等,2
444,2012082,3、备注型：包含长度在64000个字符内的文本字符串，应用于长文本,2
445,2012082,4、日期和时间：表示从50年到9999年之间的任意日期和时间，用于存放日期和时间数据,2
446,2012082,5、货币型：小数点左达到15位，小数点右达到44位，货币计算,2
447,2012082,6、是否型：取“是”或“否”之一的逻辑值，只含两值之一的数据,2
448,2012082,7、计算字段：用于计算的结果,2
449,2012082,计算时必须引用同一张表中的其他字段,2
450,2012082,8、附件型：任何受支持的文件类型,2
451,2012082,它可以将图像、电子表格文件、文档、图表等各种文件附加到数据库记录中,2
452,2012082,9、OLE对象：用于存放图片等二进制信息,2
453,2012082,10、自动编号型：追加记录时能自动填充的一系列数字一般用于主关键字,2
454,2012082,11、超级链接型：链接到其它文档、URL或文档内某个位置邮箱、网址和文档,2
455,2012082,建表方法：1、使用设计器创建表2、使用数据表视图创建表3、通过数据导入创建表建表要素：字段名称、数据类型、字段大小三种视图模式：列表视图、设计视图、数据表视图,2
456,2012082,数据库逻辑模型的作用：逻辑建模是数据仓库实施中的重要一环，它能直接反映出业务部门的需求，同时对系统的物理实施有着重要的指导作用，它的作用在于可以通过实体和关系勾勒出企业的数据蓝图,2
457,2012082,数据库逻辑模型的主要构成：层状模型、网状模型、关系模型三种模型,2
458,2012082,数据库概念模型的作用：1、收集信息2、标识对象3、建立对象间的关系4、标识对象信息模型,2
459,2012082,1、数据共享性2、数据冗余度小3、数据一致性,2
460,2012082,4、具有数据完整性措施,2
461,2012082,5、可以采用交互式或程序方式操作数据库系统的构成：DBS（数据库系统）=OS（操作系统）+DB（数据）+DBMS（数据库管理喜用）+DBA（数据库管理员）,5
462,2012082,1.人工管理阶段：特点：数据在计算机内部不保留,2
463,2012082,无数据管理软件，数据的管理由应用程序完成,2
464,2012082,数据是面向应用的，一组数据对应一个应用程序，数据冗余大而且不共享,2
465,2012082,数据不具独立性，完全依赖于应用程序,2
466,2012082,数据无结构,2
467,2012082,数据控制能力：应用程序自己控制2.文件管理阶段：特点：数据可长期保存在外存上,2
468,2012082,数据与程序有了一定的独立性，但独立性差，数据的逻辑结构改变必须修改应用程序,2
469,2012082,数据访问按文件名，存取以记录为单位，共享性差、冗余度大,2
470,2012082,记录内有结构，整体无结构,2
471,2012082,数据控制能力：应用程序自己控制3.数据库管理阶段：特点：数据结构化,2
472,2012082,数据的共享性高，冗余度低，易扩充,2
473,2012082,数据独立性高,2
474,2012082,数据由DBMS统一管理和控制,2
475,2012082,带有动画效果的幻灯片对象可以让你的演示文稿更加生动活泼，还可以控制信息演示流程并重点突出最关键的数据,2
476,2012082,动画效果通常有两种实现办法：按照一定的顺序依次显示对象或者使用运动画面,2
477,2012082,你可以对整个幻灯片、某个画面或者某个幻灯片对象（包括文本框、图表、艺术字和图画等）应用动画效果,2
478,2012082,不过我们设计动画时应该记住一条原则，那就是动画效果不能用得太多，而应该让它起到画龙点睛的作用；在使用动画的时候，要遵循动画的醒目、自然、适当、简化及创意原则,2
479,2012082,太多的闪烁和运动画面会让听众注意力分散甚至感到烦躁,2
480,2012082,new一个演示文稿，选择设计模板，或者自定义一个模板,2
481,2012082,插入几张新幻灯片，插入家乡美的图片和文字介绍，为幻灯片上的对象设置动画效果,2
482,2012082,设置不同幻灯片之间的切换效果,2
483,2012082,使用鼠标选择，按住左键拖动即可选择对象或文本,2
484,2012082,连续选择：shift+鼠标间隔选择：ctrl+鼠标在某行前鼠标单击：可以选择该行；双击：选择该段；三击：选择全文,5
485,2012082,使用键盘选择，ctrl+A全选，,5
486,2012082,图文混排有两种：一种是表格与文本的混排，另一种是图形、图片、艺术字等与文本的混排,1
487,2012082,图文混排方式就是将文字与图片混合排列，图片在文字周围、下方、上方等,1
488,2012082,"有9周环绕方式：1.""顶端居左，四周型文字环绕""2.""顶端居中，四周型文字环绕""3.""顶端居右，四周型文字环绕""4.""中间居左，四周型文字环绕""5.""中间居中，周型文字环绕""6.""中间居右，四周型文字环绕""7.""底端居左，四周型文字环绕""8.""底端居中，四周型文字环绕""9.""底端居右，四周型文字环绕""",2
489,2012082,格式刷：快速复制格式，用它“刷”格式，可以快速将指定段落或文本的格式延用到其他段落或文本上,1
490,2012082,样式：属于已经预设好的内容，直接套用，方便简洁，节约时间,1
491,2012082,试分析讨论节、分栏、项目符号和编号等格式概念及其作用：节：可以在一页里面或两页之间改变文档的布局，一便进行小范围操作,1
492,2012082,项目符号：根据内容的不同而以符号的形式表现出来,2
493,2012082,分栏：分成各块的版面，利于形象化自由表达,1
494,2012082,编号：给相关联的内容编号，利于阅读,2
495,2012082,页面视图：此视图为文档默认视图，显示的文档页面与打印时完全相同.,2
496,2012082,阅读视图：可自由调节页面显示比例，列宽和布局，导航搜索，更改页面颜色，不允许对文档编,2
497,2012082,web版式视图：类似网页，不显示页码和章节号信息，超链接显示为带下划线文,2
498,2012082,大纲视图：显示文档的大纲，可创建大纲并检查word文档结构，进行文本“升级”,2
499,2012082,草稿视图：不显示页眉，页脚等信息,2
500,2012082,批注就是间接的显示在文档中的信息，是对文章的建议和意见,2
501,2012082,修订是直接对文章进行更改，并以批注的形式显示，不仅能看出那些地方修改了，还可以选择接受或者不接受修改,2
502,2012082,段落格式的主要设置内容：段落缩进、段落对齐、段落间距和行距、首字下沉、项目符号和段落编号、边框和底纹等,2
503,2012082,字符格式可以设置字体，字号，字型的设置(加粗、下划线、倾斜)，颜色、字符间距、缩放比例、文字效果等,2
504,2012082,word和记事本经常使用，写字板不怎么用,2
505,2012082,从功能上来看，Word>写字板>记事本word是丰富格式字处理软件，后缀名doc或者docx；写字板是windows自带的工具，可以进行文字处理和多媒体信息的编辑，支持rtf格式与txt格式；记事本只能输入文字，属于简单文本处理软件，后缀名为txt；,2
506,2012082,高级语言：不能直接操作计算机底层操作系统，编写格式不受计算机限制,2
507,2012082,与人类自然语言比较接近,2
508,2012082,有C、C++、C#、vb、dephi、java等语言,2
509,2012082,c/c++主要是底层的开发，比如操作系统或大型游戏，执行效率高；HTML（HypertextMarkupLanguage）/是用于描述网页文档的超文本标记语言；java，目前用于大型企业的网页开发系统或手机平台游戏上，开发效率高；,2
510,2012082,officeword文字处理排版officeexcel电子表格制作和数据处理officeaccess基本的数据库处理软件officepowerpoint电子幻灯制作photoshop图像处理软件premiere非线性视频制作,2
511,2012082,Access：数据库管理软件PPT：演示文稿Photoshop：图片编辑软件flash：动画制作和编辑软件word：字处理软件Photoshop：图像处理...,2
512,2012082,附件主要包括如下工具：1、系统工具：磁盘清理和碎片整理,2
513,2012082,2、录音机：录制声音,2
514,2012082,3、计算器：科学计算功能,1
515,2012082,4、记事本：编辑文本,1
516,2012082,5、画图：用来画图及存储屏幕打印图片,1
517,2012082,鼠标主要有两大功能：1向计算机输入光标位置信息；2向计算机输入命令,2
518,2012082,如双击、单击等,2
519,2012082,一般窗口的组成有：（1）标题栏（2）菜单栏（3）工具栏（4）工作区（5）状态栏（6）滚动条,1
520,5532909,"压缩的原理：是把文件的二进制代码压缩，把相邻的0,1代码减少，比如有000000,可以把它变成6个0的写法60,来减少该文件的空间",2
521,5532909,下载技术演变：1.主从架构方式2.断点续传方式3.多线程并行方式：如网络蚂蚁4.镜像服务器方式主要压缩工具：winrar、360压缩、WinZip、7/Zip,2
522,5532909,系统工具软件：磁盘碎片的清理与整理、任务管理器等压缩软件工具：用于文件的存储与传输下载工具：下载资源，加快下载速度多媒体工具：视频播放工具、音乐播放器等安全工具：查杀毒软件，聊天工具：方便交流沟通,1
523,5532909,云计算的出现，智能手机的存储不再是问题,2
524,5532909,智能终端集娱乐性和实用性为一身,2
525,5532909,终端将向定制化发展着重于语音识别系统的开发终端紧密服务于业务将是大势所趋未来终端的竞争将是平台竞争,2
526,5532909,1.不熟悉的网站不要随意点开，更不要随便输入账户和密码2.如需进行支付或重要操作时，免费WIFI不要连，尽量采用数据接入方式3.在网站注册时，不要留有过详细的个人信息，尤其是身份证信息等重要信息4.在公用电脑上登陆过，一定要清除COOKIES和表单信息5.不要安装流氓软件，打开邮件或消息的链接要留心,2
527,5532909,1.2014年3月26日，携程“安全门”事件：携程网被指出安全支付日志存在漏洞，导致大量用户银行卡信息泄露,2
528,5532909,携程第一时间进行技术排查和修复,2
529,5532909,并表示，如用户因此产生损失，携程将赔偿,2
530,5532909,在获利的同时，电商如何对用户信息进行保护引发人们思考,2
531,5532909,2.2014年5月，山寨网银及山寨微信大量窃取网银信息：山寨网银和山寨微信客户端，伪装成正常网银客户端的图标、界面，在手机软件中内嵌钓鱼网站，欺骗网民提交银行卡号、身份证号、银行卡有效期等关键信息，同时，部分手机病毒可拦截用户短信，中毒用户面临网银资金被盗的风险,2
532,5532909,3.2014年6月，免费WiFi存陷阱，窃取用户手机中的敏感信息：黑客通过公共场所免费WiFi诱导用户链接而获取手机中银行卡、支付宝等账户信息从而盗取资金的消息，引发了网民对于免费WiFi安全性的担忧,2
533,5532909,4.2014年8月12日，1400万快递数据遭贩卖：警方破获了一起信息泄露案件，犯罪嫌疑人通过快递公司官网漏洞，登录网站后台，然后再通过上传（后门）工具就能获取该网站数据库的访问权限，获取了1400万条用户信息，除了有快递编码外，还详细记录着收货和发货双方的姓名、电话号码、住址等个人隐私信息，而拿到这些数据仅用了20秒的时间,2
534,5532909,5.2014年9月，美国家得宝公司确认其支付系统遭到网络攻击：将近有5600万张银行卡的信息被盗，这比去年发生在Target的客户银行卡数据被盗事件还要严重,2
535,5532909,注册名：当我们在网络上注册ID的时候，很容易暴露我们的身份信息,3
536,5532909,禁用cookies：网站搜集用户数据主要利用cookies，这是计算机自带的一项功能，用于辨别用户的身份,2
537,5532909,调整Cookie的安全级别，并作相应清理,2
538,5532909,多个邮箱：如果你频繁使用同一个邮箱在不同网站进行操作，数据挖掘和分析最终还是能找到你,2
539,5532909,在不同社交网站上使用不同姓名和邮箱能有效提高防止被机器认出的概率,2
540,5532909,不要主动上传敏感信息杜绝手机流氓软件：这种软件会后台默默上传你的通话记录和聊天短信等，而且能巧妙的避过杀毒软件的查杀,2
541,5532909,文件处理：电脑用户在删除文件以及处理废弃电脑时，一定要注意使用以下方法，对文件和电脑硬盘进行不可恢复性处理,2
542,5532909,完善法律：对个人来讲，要靠自觉与小心来防止隐私泄露,2
543,5532909,对国家和政府而言，加强立法，完善隐私保护机制是十分必要和有效的,2
544,5532909,"信息搜集制度改革：网站向用户收集资料,其目的是要对该信息的利用",2
545,5532909,对于一些对网站运营无用的信息，应该把选择权交回用户手中，让用户自己选择是否开放自己的信息,2
546,5532909,技术进步：信息在疯狂爆炸，然而防止隐私泄露的技术还是裹步不前,2
547,5532909,像PrivacyMark和TrackerScan这样的网络安全工具还有很大的上升空间,2
548,5532909,中国农业大学（http://www.cau.edu.cn）的TCP/IP协议类型：TCP/传输控制协议、IP/网际协议、HTTP/超文本传输协议,2
549,5532909,该域名对应的实际IP地址：114.215.217.115,2
550,5532909,计算机：终端传输媒体：传输通道网络适配器：局域网中连接计算机和传输介质的接口，不仅能实现与局域网传输介质之间的物理连接和电信号匹配，还涉及帧的发送与接收、帧的封装与拆封、介质访问控制、数据的编码与解码以及数据缓存的功能等,1
551,5532909,网络连接设备：把网络中的通信线路连接起来网络操作系统：向网络计算机提供服务,2
552,5532909,因特网所采用的网络协议是TCP/IP协议,2
553,5532909,UDP协议：用户数句包协议ICMP协议：控制报文协议ARP协议：地址解析协议SOCKET协议：套接字,2
554,5532909,OSI模型将计算机网络通信协议分为以下七层：第一层:物理层(PhysicalLayer)规定通信设备的机械的、电气的、功能的和规程的特性，在这一层，数据的单位称为比特(bit),1
555,5532909,物理层的主要设备:中继器、集线器、适配器,1
556,5532909,第二层:数据链路层(DataLinkLayer)在物理层提供比特流服务的基础上，建立相邻结点之间的数据链路,2
557,5532909,该层的作用包括:物理地址寻址、数据的成帧、流量控制、数据的检错、重发等,2
558,5532909,在这一层，数据的单位称为帧(frame),1
559,5532909,数据链路层主要设备:二层交换机、网桥第三层:网络层(Networklayer)在计算机网络中进行通信的两个计算机之间可能会经过很多个数据链路，也可能还要经过很多通信子网,1
560,5532909,在这一层，数据的单位称为数据包(packet),2
561,5532909,网络层协议的代表包括:IP、IPX、RIP、ARP、RARP、OSPF等,1
562,5532909,网络层主要设备:路由器第四层:传输层(Transportlayer)数据单元也称作处理信息的传输层(Transportlayer),1
563,5532909,"但是，当你谈论TCP等具体的协议时又有特殊的叫法，TCP的数据单元称为段(segments)而UDP协议的数据单元称为""数据报(datagrams)""",2
564,5532909,传输层协议的代表包括:TCP、UDP、SPX等,3
565,5532909,第五层:会话层(Sessionlayer)这一层也可以称为会晤层或对话层，在会话层及以上的高层次中，数据传送的单位不再另外命名，统称为报文,1
566,5532909,第六层:表示层(Presentationlayer)这一层主要解决用户信息的语法表示问题,1
567,5532909,第七层:应用层(Applicationlayer)应用层为操作系统或网络应用程序提供访问网络服务的接口,1
568,5532909,应用层协议的代表包括:Telnet、FTP、HTTP、SNMP等,2
569,5532909,在OSI/RM参考模型的基础上进行简化，有了现在使用的TCP/IP体系结构，TCP/IP体系结构对应OSI/RM参考模型的七层结构简化为四层结构，分别为：网络接口层、网际层、传输层、应用层,1
570,5532909,电子商务技术是利用计算机技术、网络技术和远程通信技术，实现整个商务过程中的电子化、数字化和网络化技术,2
571,5532909,电子商务采用的主要安全技术手段：防火墙技术、数据加密技术、数字签名技术,2
572,5532909,采样：在时间轴上对信号数字化；量化：在幅度轴上对信号数字化；编码：按一定格式记录采样和量化后的数字数据,2
573,5532909,编码的过程首先用一组脉冲采样时钟信号与输入的模拟音频信号相乘，相乘的结果即输入信号在时间轴上的数字化,2
574,5532909,然后对采样以后的信号幅值进行量化,2
575,5532909,最简单的量化方法是均衡量化，这个量化的过程由量化器来完成,2
576,5532909,对经量化器A/D变换后的信号再进行编码，即把量化的信号电平转换成二进制码组，就得到了离散的二进制输出数据序列x(n)，n表示量化的时间序列，x(n)的值就是n时刻量化后的幅值，以二进制的形式表示和记录,2
577,5532909,图像压缩分为有损压缩和无损压缩，各有其优缺点,2
578,5532909,有损压缩的画质会有些许的失真，但文件占用内存较小；无损压缩画质清晰，但文件会较大，具体应用要依照不同情况分析,2
579,5532909,矢量图的清晰度与分辨率的大小无关，对矢量图进行缩放时，图形对象仍保持原有的清晰度和光滑度，不会发生任何偏差，如图所示是放大了4倍的矢量图效果,2
580,5532909,如徽标、美工插图、工程绘图,2
581,5532909,位图：也叫做点阵图，删格图象，像素图，位图图像是由像素构成的，像素的多少将决定位图图像的显示质量和文件大小，位图图像的分辨率越高，其显示越清晰，文件所占的空间也就越大,1
582,5532909,构成位图的最小单位是象素，位图就是由象素阵列的排列来实现其显示效果的，每个象素有自己的颜色信息，在对位图图像进行编辑操作的时候，可操作的对象是每个象素，我们可以改变图像的色相、饱和度、明度，从而改变图像的显示效果,1
583,5532909,位图图像的清晰度与分辨率有关,2
584,5532909,对位图图像进行放大时，放大的只是像素点，位图图像的四周会出现锯齿状,2
585,5532909,广泛应用在照片和绘图图像中,2
586,5532909,计算机系统的外部设备，包括输入设备中的键盘、鼠标器、扫描仪、数码相机和语音输入系统、手写输入系统、IC卡输入系统，输出设备中的显示系统、各种打印机和绘图仪，软盘存储器、硬盘存储器、外存储设备，多媒体设备中的光盘驱动器、声卡、音箱、视频卡、电视接收卡、SCSI卡及摄像头等多媒体适配器,1
587,5532909,多媒体计算机系统由多媒体计算机硬件和多媒体计算机软件两部分组成主要硬件：主机、软盘驱动器、硬盘驱动器、显示器、网卡之外，还要有音频信息处理硬件、视频信息处理硬件及光盘驱动器等部分,1
588,5532909,软件：多媒体计算机的操作系统必须在原基础上扩充多媒体资源管理与信息处理的功能,2
589,5532909,多媒体编辑工具包括字处理软件、绘图软件、图像处理软件、动画制作软件、声音编辑软件以及视频编辑软件,2
590,5532909,计算机主要媒体类型及各自的用途如下：(1)文本:由语言文字和符号字符组成的数据文件,2
591,5532909,可以表达文字信息，说明的更加清楚,2
592,5532909,(2)图像:通过描述画面中各个像素的亮度和颜色等组成的数据文件,1
593,5532909,也叫点位图或位图图像,2
594,5532909,表达实际事物,2
595,5532909,(3)图形:矢量图形的简称,1
596,5532909,即生成一幅图形由数学方法组成的数据文件,2
597,5532909,一般可将图形看作是图像的抽象,2
598,5532909,(4)动画:将静态的图像、图形及连环图画等按一定时间顺序显示而形成连续的动态画面,4
599,5532909,人为创造的表现形式,2
600,5532909,(5)音频:声音信号，即相应于人类听觉可感知范围内的频率,1
601,5532909,(6)视频:可视信号，即计算机屏幕上显示出来的动态信息，如动态图形、动态图像、动画等,2
602,5532909,查询类型：1、选择查询：在查询设计器中，给出查询条件2、参数查询：是一种动态查询，这种查询会在一个查询窗口中输入查询条件，点确定，直接给出查询结果,2
603,5532909,这种查询完全由用户控制,2
604,5532909,参数查询一般创建在选择查询基础上，在运行查询时会出现一个或多个对话框，要求输入查询条件,2
605,5532909,分为单参数和多参数，在条件行写[参数内容]3、操作查询：用于创建新表或者对现有表中的数据进行修改和数据维护，能批量的对数据进行导出、删除操作,2
606,5532909,分为：?更新查询?追加查询?删除查询?生成表查询，这设计视图中进行相应查询操作即可，最后返回原数据表查看结果,2
607,5532909,4、交叉表查询：通常以一个字段作为表的行标题，以另一个字段的取值作为列标题，在行和列的交叉点单元格处获得数据的汇总信息，以达到数据统计的目的,2
608,5532909,方便分析和使用,2
609,5532909,可采取交叉别查询向导和设计视图完成,2
610,5532909,主要设计过程：确定创建数据库的目的、确定数据库中需要的表、确定该表中需要的字段、确定主关键字和确定表之间的关系等步骤,2
611,5532909,1.设置字段的输入掩码：用来限制用户输入数据的格式，并可对数据输入做更多的控制以保证输入正确的数据,2
612,5532909,可使用掩码向导，也可自定义输入掩码,2
613,5532909,2.设置有效性规则和有效性文本：输入数据时有时需要限定输入数据的内容，这些通过设置有效性规则和有效性文本实现,2
614,5532909,3.默认值：添加新记录时自动向此字段分配指定值,1
615,5532909,1、文本型：用来存放字符串数据，存放最大长度为255个字符,2
616,5532909,设置字段大小属性可设置能输入的最大字符个数,2
617,5532909,包含文本或数字文本，其中文本型数字不能进行计算,2
618,5532909,2、数字型：数学计算的数值数据，用来存储由整数、实数等可以进行计算的数据,2
619,5532909,可以分为整型、长整型、单精度型、双精度型等,2
620,5532909,3、备注型：包含长度在64000个字符内的文本字符串，应用于长文本,2
621,5532909,4、日期和时间：表示从50年到9999年之间的任意日期和时间，用于存放日期和时间数据,2
622,5532909,5、货币型：小数点左达到15位，小数点右达到44位，货币计算,2
623,5532909,6、是否型：取“是”或“否”之一的逻辑值，只含两值之一的数据,2
624,5532909,7、计算字段：用于计算的结果,2
625,5532909,计算时必须引用同一张表中的其他字段,2
626,5532909,8、附件型：任何受支持的文件类型,2
627,5532909,它可以将图像、电子表格文件、文档、图表等各种文件附加到数据库记录中,2
628,5532909,9、OLE对象：用于存放图片等二进制信息,2
629,5532909,10、自动编号型：追加记录时能自动填充的一系列数字一般用于主关键字,2
630,5532909,11、超级链接型：链接到其它文档、URL或文档内某个位置邮箱、网址和文档,2
631,5532909,建表方法：1、使用设计器创建表2、使用数据表视图创建表3、通过数据导入创建表建表要素：字段名称、数据类型、字段大小三种视图模式：列表视图、设计视图、数据表视图,2
632,5532909,数据库逻辑模型的作用：逻辑建模是数据仓库实施中的重要一环，它能直接反映出业务部门的需求，同时对系统的物理实施有着重要的指导作用，它的作用在于可以通过实体和关系勾勒出企业的数据蓝图,2
633,5532909,数据库逻辑模型的主要构成：层状模型、网状模型、关系模型三种模型,2
634,5532909,数据库概念模型的作用：1、收集信息2、标识对象3、建立对象间的关系4、标识对象信息模型,2
635,5532909,数据库系统的基本特点:?数据共享性、数据冗余度小、数据一致性、具有数据完整性措施、可以采用交互式或程序方式操作,2
636,5532909,数据库系统的主要构成：DBS数据库系统=OS操作系统+DB数据库+DBMS数据库管理系统+DBA数据库管理员,2
637,5532909,1.人工管理阶段：特点：§数据在计算机内部不保留§无数据管理软件，数据的管理由应用程序完成§数据是面向应用的，一组数据对应一个应用程序，数据冗余大而且不共享§数据不具独立性，完全依赖于应用程序§数据无结构§数据控制能力：应用程序自己控制2.文件管理阶段：特点：特点：数据可长期保存在外存上,2
638,5532909,n数据与程序有了一定的独立性，但独立性差，数据的逻辑结构改变必须修改应用程序,2
639,5532909,n数据访问按文件名，存取以记录为单位，共享性差、冗余度大n记录内有结构，整体无结构n数据控制能力：应用程序自己控制3.数据库管理阶段：特点：数据结构化v数据的共享性高，冗余度低，易扩充v数据独立性高v数据由DBMS统一管理和控制,2
640,5532909,把目标程序转变成可执行文件的过程叫（）,2
641,5532909,演示稿制作时，动画设计增添动感、带来视觉享受，给人美观，很容易了解演示文稿内容,2
642,5532909,用好动画的原则是根据演示文稿的内容恰当的使用动画，使演示文稿更加具有感染力和表现力,2
643,5532909,1：创建一个演示文稿，选择设计模板,2
644,5532909,2：为幻灯片选择并应用设计模板,2
645,5532909,3：插入一个新幻灯片，上网搜索关于家乡的文字介绍,2
646,5532909,4：在网上搜索关于家乡的图片，包括风景、花卉、特产等,2
647,5532909,并插入到新幻灯片上,2
648,5532909,5：为幻灯片上的对象设置动画效果,2
649,5532909,6：设置不同幻灯片之间的切换效果,2
650,5532909,次要坐标轴可以更精确的定位图标的X，Y轴，可以更清晰的分析数据,2
651,5532909,更加准确,2
652,5532909,选中图表，在上方出现图表工具，选择布局选项卡，在坐标轴组中，选择主要横纵坐标轴，选取需要的一项即可,2
653,5532909,?（问号）表示任何单个字符例如，sm?th查找“smith”和“smyth”*（星号）表示任何字符数例如，*east查找“Northeast”和“Southeast”~（波形符）表示后跟?、*或~问号、星号或波形符,2
654,5532909,主要可以采用鼠标操作或键盘操作，键盘操作一般要采用组合键,2
655,5532909,具体操作如下：选定一个单词：在要选定的单词中双击鼠标选定一个句子：按住Ctrl，单击句中任意位置选定一行：在该行的文本选择区单击鼠标或Shift+End选定连续多行：在文本选择区单击第一行并拖到最后一行选定一个段落：双击该段对应的文本选择区或在段落中任意处三击选定任意连续文本：使用鼠标从文本的第一个字符拖动到最后一个字符选定整个文档：在文本选择区的任意位置三击鼠标或Ctrl+A选定矩形文本区：按住Alt，使用鼠标从选定区域的左上角拖动到右下角,2
656,5532909,图文混排:就是将文字与图片混合排列，图片在文字周围、下方、上方等,1
657,5532909,"有9周环绕方式：1.""顶端居左，四周型文字环绕""2.""顶端居中，四周型文字环绕""3.""顶端居右，四周型文字环绕""4.""中间居左，四周型文字环绕""5.""中间居中，周型文字环绕""6.""中间居右，四周型文字环绕""7.""底端居左，四周型文字环绕""8.""底端居中，四周型文字环绕""9.""底端居右，四周型文字环绕""",2
658,5532909,格式刷：格式刷位于“格式”工具栏上，就是一把“刷子”,1
659,5532909,用它“刷”格式，可以快速将指定段落或文本的格式延用到其他段落或文本上,1
660,5532909,样式：属于已经预设好的内容，直接套用，方便简洁，节约时间,1
661,5532909,节：文本的章节，便于不同格式的排版与阅读文档,2
662,5532909,分为分页符和分节符,2
663,5532909,分栏：一个页面分开多个版面，节约版面，易阅读查看,1
664,5532909,项目符号：放在文本或图形前以添加强调效果的点或其他符号,2
665,5532909,编号：给顺序号作为一种识别的方法，文本编号易于阅读，查看分析而且非常整齐,2
666,5532909,WORD中的以下文档视图：页面视图：此视图为文档默认视图，显示的文档页面与打印时完全相同.,2
667,5532909,阅读视图：可自由调节页面显示比例，列宽和布局，导航搜索，更改页面颜色，不允许对文档编,2
668,5532909,WEB版式视图：类似网页，不显示页码和章节号信息，超链接显示为带下划线文,2
669,5532909,大纲视图：显示文档的大纲，可创建大纲并检查WORD文档结构，进行文本“升级”,2
670,5532909,草稿视图：不显示页眉，页脚等信,2
671,5532909,批注：对部分文字或操作（删除、增加文字等）进行注解、诠释,1
672,5532909,修订：修订是指修改格式、删除或增加内容,3
673,5532909,修订也是一种操作，所以修订的过程在修订完成后也将以批注的形式在文段附近展示,2
674,5532909,段落格式的主要设置内容：段落缩进、段落对齐、段落间距和行距、首字下沉、项目符号和段落编号、边框和底纹,2
675,5532909,字符格式的主要设置内容：字体，字号，字型的设置(加粗、下划线、倾斜)，颜色、字符间距、缩放比例、文字效果、底纹、边框等,2
676,5532909,记事本只能输入文字，不能插入图片，文件格式txt,2
677,5532909,记事本用于纯文本文档的编辑，功能没有写字板强大，适于编写一些篇幅短小的文件，由于它使用方便、快捷，应用也是比较多的写字板是windows自带的缩水版word，有基本功能，格式rtf或txt,1
678,5532909,“写字板”是一个使用简单，但却功能强大的文字处理程序，用户可以利用它进行日常工作中文件的编辑,1
679,5532909,它不仅可以进行中英文文档的编辑，而且还可以图文混排，插入图片、声音、视频剪辑等多媒体资料,2
680,5532909,"Word具有强大的文字编辑能力,功能最为强大",2
681,5532909,支持文字、图片、表格等的混合编辑,1
682,5532909,程序设计是数据结构的基础和实现方法,2
683,5532909,数据结构完全可以只讲数据的存储方法和算法的逻辑逻辑过程，可以不涉及具体实现过程，在实现一种数据的存储和一个算法的求解过程时，你可以选择应用不同的程序设计语言来达到目的，同一个算法，既可以使用VB实现，也可以选择C、C++、JAVA、或者C#来实现，而在选定某一工具来实现算法时，程序设计的具体指令和方法是由所选择的程序设计语言的语法决定,2
684,5532909,顺序结构：从上而下，一条一条的执行,2
685,5532909,选择结构：又分为单分支选择、双分支选择、多分支选择,2
686,5532909,循环结构：又分直型循环和当型循环,2
687,5532909,c/c++主要是底层的开发，比如操作系统或大型游戏，执行效率高vb界面化，简单，初学者入门的语言，执行速度慢，可以用于一些应用程序dephi，界面化，主要用于桌面软件的编写，有时还是编写木马的选择,4
688,5532909,java，目前用于大型企业的网页开发系统或手机平台游戏上，开发效率高c#，主要用于编写.asp网页的管理系统，语法与c类似,2
689,5532909,Frontpage、Dreamweaver（html或htm、asp）：网页制作软件Excel（xls）：电子表格统计和制作软件Access（mdb）：数据库管理软件Powerpoint（ppt）：课件制作软件Photoshop（psd）：图片编辑软件flash（flc）：动画制作和编辑软件Glodwave（wav）：声音编辑软件会声会影（avi）：视频编辑软件Word（doc）：文字编辑和处理软件InternetExplorer（简称IE）：网页浏览器Foxmail、OutlookExpress：电子邮件收发软件,2
690,5532909,Windows的主要附件工具及其功能：录音机：记录录制声音,2
691,5532909,计算器：科学计算机功能,1
692,5532909,记事本：编辑文本文件,1
693,5532909,画板：用来画图及存储屏幕打印图片,2
694,5532909,系统工具：进行磁盘清理和碎片整理,2
695,5532909,Windows主要鼠标动作和作用：1、左键单击、双击打开或关闭或最小化目标文件或文件夹和网页,2
696,5532909,2、右键单击激活属性等其它快捷功能,2
697,5532909,3、滚轮拉动滚动条,2
698,5532909,一般窗口的组成有：标题栏、菜单栏、工具栏、工作区、状态栏和边框,1
699,5532909,DOS操作系统及特点：最早的操作系统，特点是命令提示界面进行运行管理，在操作系统中占有很重要的地位,2
700,5532909,"（单用户、单任务、命令行界面）UNIX操作系统及特点：（1）良好的可移植性（2）多用户、多任务（3）内核短小精悍（4）采用树形结构的文件系统（5）把设备如同文件一样对待（6）安全机制完善（7）提供了丰富的网络功能（8）有图形用户界面和命令行操作界面Windows操作系统及特点：（1）多任务处理（2）图形用户界面（3）有效的内存管理（4）支持多种文件系统格式（FAT32,NTFS)（5）支持多媒体应用（6）支持网络应用Linux操作系统及特点：Linux是源代码公开，可以免费获得的自由软件",3
701,5532909,多用户、多任务的操作系统,3
702,5532909,UNIX系统提供了命令行方式的用户界面，Linux沿用了这个传统界面形式,2
703,1817580,"压缩的原理：是把文件的二进制代码压缩，把相邻的0,1代码减少，比如有000000,可以把它变成6个0的写法60,来减少该文件的空间",2
704,1817580,下载技术演变：1.主从架构方式2.断点续传方式3.多线程并行方式：如网络蚂蚁4.镜像服务器方式主要压缩工具：winrar、360压缩、WinZip、7/Zip,2
705,1817580,"压缩的原理：是把文件的二进制代码压缩，把相邻的0,1代码减少，比如有000000,可以把它变成6个0的写法60,来减少该文件的空间",2
706,1817580,下载技术演变：1.主从架构方式2.断点续传方式3.多线程并行方式：如网络蚂蚁4.镜像服务器方式主要压缩工具：winrar、360压缩、WinZip、7/Zip,2
707,1817580,系统工具软件：磁盘碎片的清理与整理、任务管理器等压缩软件工具：用于文件的存储与传输下载工具：下载资源，加快下载速度多媒体工具：视频播放工具、音乐播放器等安全工具：查杀毒软件，聊天工具：方便交流沟通,1
708,5251364,"压缩的原理：是把文件的二进制代码压缩，把相邻的0,1代码减少，比如有000000,可以把它变成6个0的写法60,来减少该文件的空间",2
709,5251364,下载技术演变：1.主从架构方式2.断点续传方式3.多线程并行方式：如网络蚂蚁4.镜像服务器方式主要压缩工具：winrar、360压缩、WinZip、7/Zip,2
710,5251364,磁盘工具软件作用：对硬盘及时维护、备份，使系统保持稳定,1
711,5251364,比如：分区魔术师，还原精灵等,2
712,5251364,汉化翻译作用：进行各类语言翻译，并将其转换为汉文使人得以看懂，不必学习很多语言也能通过翻译理解,2
713,5251364,比如：金山快译，金山词霸等,2
714,5251364,压缩工具软件作用：便于文件存储和数据传输,2
715,5251364,比如：WinRAR，WinZip等,2
716,5251364,下载工具作用：下载所需资源,2
717,5251364,比如：BT下载，迅雷，快车，电驴，QQ旋风等,2
718,5251364,聊天工具作用：与人沟通交流,2
719,5251364,比如：腾讯QQ，MSN，新浪UC，ICQ，阿里旺旺等,2
720,5251364,安全工具作用：抵御病毒，查杀有害病毒，采取措施把损失降到最低，使计算机正常工作,2
721,5251364,分为杀毒软件和防火墙,2
722,5251364,比如：360杀毒，金山毒霸，卡巴斯基，瑞星，百度杀毒等，金山网镖、瑞星个人防火墙等,2
723,5251364,光盘刻录作用：电脑里暂时不用的软件比较占空间的刻录到光盘，节省电脑的空间，把重要数据备份，按自己喜好选择性的收藏,2
724,5251364,比如：刻录工具Nero，刻录音乐，视频等,2
725,5251364,多媒体工具作用：播放视频，音乐等娱乐，阅读浏览图片处理制作，浏览网页,2
726,5251364,比如：影音风暴，酷狗，ACDSee，红蜻蜓抓图精灵，超星阅览器，搜狗高速浏览器等,2
727,5251364,"<xmlnamespaceprefix=""o""ns=""urn:schemas/microsoft/com:office:office"">",2
728,5251364,系统工具软件：磁盘碎片的清理与整理、任务管理器等压缩软件工具：用于文件的存储与传输下载工具：下载资源，加快下载速度多媒体工具：视频播放工具、音乐播放器等安全工具：查杀毒软件，聊天工具：方便交流沟通,1
729,5251364,(1)用备份技术来提高数据恢复时的完整性,2
730,5251364,备份工作可以手工完成，也可以自动完成,2
731,5251364,现有的操作系统一般都带有比较初级的备份系统，如果对备份要求高，应购买专用的系统备份产品,2
732,5251364,由于备份本身含有不宜公开的信息，备份介质也是偷窃者的目标，因此，计算机系统允许用户的某些特别文件不进行系统备份，而做涉密介质备份,2
733,5251364,"<xmlnamespaceprefix=""o""ns=""urn:schemas/microsoft/com:office:office"">(2)防病毒",2
734,5251364,定期检查网络系统是否被感染了计算机病毒，对引导软盘或下载软件和文档应加以安全控制，对外来软盘在使用前应进行病毒诊断,2
735,5251364,同时要注意不断更新病毒诊断软件版本，及时掌握、发现正在流行的计算机病毒动向，并采取相应的有效措施,2
736,5251364,(3)补丁程序,2
737,5251364,及时安装各种安全补丁程序，不要给入侵者以可乘之机,2
738,5251364,(4)提高物理环境安全,2
739,5251364,保证计算机机房内计算机设备不被盗、不被破坏，如采用高强度电缆在计算机机箱穿过等技术措施,2
740,5251364,(5)在局域网中安装防火墙系统,2
741,5251364,防火墙系统包括软件和硬件设施，平时需要加以监察和维护,2
742,5251364,(6)在局域网中安装网络安全审计系统,2
743,5251364,在要求较高的网络系统中，网络安全审计系统是与防火墙系统结合在一起作为对系统安全设置的防范措施,2
744,5251364,"(7)仔细阅读""系统日志""",2
745,5251364,对可疑活动一定要仔细分析，如有人在试图访问一些不安全的服务端口，利用Finger、Tftp或用Debug手段访问用户邮件服务器等,2
746,5251364,对此系统管理员应加以关注和分析,2
747,5251364,(8)加密,2
748,5251364,加密的方法很多可视要求而定，如:通讯两端设置硬件加密机、对数据进行加密预处理等,2
749,5251364,2014年6月，“超级网银”授权漏洞风波爆发，安徽的陈女士在网购时被骗子诱导进行了“超级网银”授权支付操作，短短24秒内10万元被骗,2
750,5251364,事实上，“超级网银”是一种标准化跨银行网上金融服务产品，能方便用户实时跨行管理不同的银行账户,2
751,5251364,问题在于一旦有不法分子恶意利用“超级网银”，就可以将对方账户余额全部偷走,2
752,5251364,业内评论指出，银行的风险提示和安全防护能力仍有待加强，用户的风险防范意识也亟须进一步提高,2
753,5251364,2014年8月，有人通过乌云提交漏洞称，国内一大批快捷酒店开房记录被泄露，泄露住客开房信息的如家等酒店全部或者部分使用了浙江慧达驿站网络有限公司开发的酒店WiFi管理、认证管理系统，慧达驿站在服务器上实时存储了这些酒店客户的记录，包括客户名、身份证号、开房日期和房间号等隐私信息,2
754,5251364,随之而来的，在线查询部分酒店住客信息的网站也开始出现，并迅速在网上流传,2
755,5251364,泄露的已经泄露了，对于中招者来说，姓名、身份证号、手机号都不是能随便换掉的,2
756,5251364,或许就开了一次房，留下的是长远的伤害,2
757,5251364,2014年9月工信部颁布了《电话用户真实身份信息登记规定》和《电信和互联网用户个人信息保护规定》，“手机实名制”一度被解读为对虚开号卡、垃圾短信、诈骗短信等行为的一种遏制,2
758,5251364,奇怪的是政策实施了两个多月，用户手机中的垃圾短信并没有消停，究其原因竟是伪基站作怪,2
759,5251364,该事件引发舆论关注后，全国多地公安部门迅速行动，接连破获多起非法基站案件，查获了一批伪基站,2
760,5251364,继续，伪基站已经成为垃圾短信的主要源头，而这些伪基站不仅对市民日常生活造成骚扰，甚至威胁了其财产安全，也对通信运营商的网络质量和安全，以及一些金融机构的形象造成了恶劣影响,2
761,5251364,2014年9月安卓系统WebView开发接口引发的挂马漏洞为例，看看一长串中招的应用名单：手机QQ、微信、百度、快播，以及QQ浏览器、360手机浏览器、UC浏览器、金山猎豹浏览器等绝大多数手机浏览器,2
762,5251364,血淋淋的事实也告诉我们，不靠谱的链接千万不要点,2
763,5251364,对手机来说：中招很危险，后果很严重,2
764,5251364,"<xmlnamespaceprefix=""o""ns=""urn:schemas/microsoft/com:office:office"">",2
765,5251364,加强自我的防范意识，在现阶段上网时，首先，注意如非必要，不要填写过于真实的个人信息或只进行简单填写，切记避免网上随意填写表格的现象；其次，尽量选择安全保障能力强的网站储存重要的个人信息，如果必须进行信息往来的，但对其保护措施不了解的情况，争取能够与委托对象签订保密责任，这样就会对自己的利益建立起一个保护屏障等,2
766,5251364,只有树立起“防人之心”的意识，你的个人隐私才有较好的保障,2
767,5251364,另外还要注意以下几点：注册名当我们在网络上注册ID的时候，很容易暴露我们的身份信息,2
768,5251364,有些同学甚至图省事，以自己的手机号或者QQ号为网名，在这种情况下，自己的重要信息不经意之间就已经泄露殆禁用cookies网站搜集用户数据主要利用cookies，这是计算机自带的一项功能，用于辨别用户的身份,2
769,5251364,"我们可对Cookie进行适当设置：打开""工具/Internet选项""中的""隐私""选项卡（注意该设置只在IE6.0中存在，其他版本IE可以单击""工具/Internet选项",5
770,5251364,中国农业大学（http://www.cau.edu.cn）的TCP/IP协议类型：TCP/传输控制协议、IP/网际协议、HTTP/超文本传输协议,2
771,5251364,该域名对应的实际IP地址：114.215.217.115,2
772,5251364,局域网组网主要设备和功用：1、宽带路由器：一个作用是连通不同的网络，另一个作用是选择信息传送的线路,2
773,5251364,2、交换机：主要功能就是实现多台计算机的互连互通，相当于文前提到的“中间人”的作用,2
774,5251364,3、网卡、网线：作用是将数据分解为数据包再发送至网络,2
775,5251364,协议本质上无非是一种网上交流的约定，由于联网的计算机类型可以各不相同，各自使用的操作系统和应用软件也不尽相同，为了保持彼此之间实现信息交换和资源共享，它们必须具有共同的语言，交流什么、怎样交流及何时交流，都必须遵行某种互相都能够接受的规则,2
776,5251364,常用协议折叠编辑本段TCP/IP协议折叠毫无疑问是这三大协议中最重要的一个，作为互联网的基础协议，没有它就根本不可能上网，任何和互联网有关的操作都离不开TCP/IP协议,2
777,5251364,不过TCP/IP协议也是这三大协议中配置起来最麻烦的一个，单机上网还好，而通过局域网访问互联网的话，就要详细设置IP地址，网关，子网掩码，DNS服务器等参数,2
778,5251364,TCP/IP尽管是目前最流行的网络协议，但TCP/IP协议在局域网中的通信效率并不高，使用它在浏览“网上邻居”中的计算机时，经常会出现不能正常浏览的现象,3
779,5251364,此时安装NetBEUI协议就会解决这个问题,2
780,5251364,NetBEUI折叠即NetBiosEnhancedUserInterface，或NetBios增强用户接口,2
781,5251364,它是NetBIOS协议的增强版本，曾被许多操作系统采用，例如WindowsforWorkgroup、Win9x系列、WindowsNT等,2
782,5251364,NETBEUI协议在许多情形下很有用，是WINDOWS98之前的操作系统的缺省协议,2
783,5251364,NetBEUI协议是一种短小精悍、通信效率高的广播型协议，安装后不需要进行设置，特别适合于在“网络邻居”传送数据,2
784,5251364,所以建议除了TCP/IP协议之外，小型局域网的计算机也可以安上NetBEUI协议,2
785,5251364,另外还有一点要注意，如果一台只装了TCP/IP协议的WINDOWS98机器要想加入到WINNT域，也必须安装NetBEUI协议,2
786,5251364,IPX/SPX协议折叠本来就是Novell开发的专用于NetWare网络中的协议，但是现在也非常常用//大部分可以联机的游戏都支持IPX/SPX协议，比如星际争霸，反恐精英等等,2
787,5251364,虽然这些游戏通过TCP/IP协议也能联机，但显然还是通过IPX/SPX协议更省事，因为根本不需要任何设置,2
788,5251364,除此之外，IPX/SPX协议在局域网络中的用途似乎并不是很大.如果确定不在局域网中联机玩游戏，那么这个协议可有可无,2
789,5251364,第一层:物理层(PhysicalLayer)折叠规定通信设备的机械的、电气的、功能的和规程的特性，用以建立、维护和拆除物理链路连接,1
790,5251364,具体地讲，机械特性规定了网络连接时所需接插件的规格尺寸、引脚数量和排列情况等;电气特性规定了在物理连接上传输bit流时线路上信号电平的大小、阻抗匹配、传输速率距离限制等;功能特性是指对各个信号先分配确切的信号含义，即定义了DTE和DCE之间各个线路的功能;规程特性定义了利用信号线进行bit流传输的一组操作规程，是指在物理连接的建立、维护、交换信息时，DTE和DCE双方在各电路上的动作系列,1
791,5251364,在这一层，数据的单位称为比特(bit),2
792,5251364,物理层的主要设备:中继器、集线器、适配器,1
793,5251364,第二层:数据链路层(DataLinkLayer)折叠在物理层提供比特流服务的基础上，建立相邻结点之间的数据链路，通过差错控制提供数据帧(Frame)在信道上无差错的传输，并进行各电路上的动作系列,1
794,5251364,数据链路层在不可靠的物理介质上提供可靠的传输,2
795,5251364,该层的作用包括:物理地址寻址、数据的成帧、流量控制、数据的检错、重发等,2
796,5251364,在这一层，数据的单位称为帧(frame),1
797,5251364,数据链路层主要设备:二层交换机、网桥第三层:网络层(Networklayer)折叠在计算机网络中进行通信的两个计算机之间可能会经过很多个数据链路，也可能还要经过很多通信子网,1
798,5251364,网络层的任务就是选择合适的网间路由和交换结点，确保数据及时传送,2
799,5251364,网络层将数据链路层提供的帧组成数据包，包中封装有网络层包头，其中含有逻辑地址信息//源站点和目的站点地址的网络地址,2
800,5251364,"如果你在谈论一个IP地址，那么你是在处理第3层的问题，这是""数据包""问题，而不是第2层的""帧""",2
801,5251364,IP是第3层问题的一部分，此外还有一些路由协议和地址解析协议(ARP),1
802,5251364,有关路由的一切事情都在第3层处理,2
803,5251364,地址解析和路由是3层的重要目的,2
804,5251364,网络层还可以实现拥塞控制、网际互连等功能,2
805,5251364,在这一层，数据的单位称为数据包(packet),2
806,5251364,网络层协议的代表包括:IP、IPX、RIP、ARP、RARP、OSPF等,1
807,5251364,网络层主要设备:路由器第四层:传输层(Transportlayer)折叠第4层的数据单元也称作处理信息的传输层(Transportlayer),1
808,5251364,"但是，当你谈论TCP等具体的协议时又有特殊的叫法，TCP的数据单元称为段(segments)而UDP协议的数据单元称为""数据报(datagrams)""",2
809,5251364,这个层负责获取全部信息，因此，它必须跟踪数据单元碎片、乱序到达的数据包和其它在传输过程中可能发生的危险,2
810,5251364,第4层为上层提供端到端(最终用户到最终用户)的透明的、可靠的数据传输服务,2
811,5251364,所谓透明的传输是指在通信过程中传输层对上层屏蔽了通信传输系统的具体细节,2
812,5251364,传输层协议的代表包括:TCP、UDP、SPX等,3
813,5251364,第五层:会话层(Sessionlayer)折叠这一层也可以称为会晤层或对话层，在会话层及以上的高层次中，数据传送的单位不再另外命名，统称为报文,1
814,5251364,会话层不参与具体的传输，它提供包括访问验证和会话管理在内的建立和维护应用之间通信的机制,2
815,5251364,如服务器验证用户登录便是由会话层完成的,2
816,5251364,第六层:表示层(Presentationlayer)折叠这一层主要解决用户信息的语法表示问题,1
817,5251364,它将欲交换的数据从适合于某一用户的抽象语法，转换为适合于OSI系统内部使用的传送语法,2
818,5251364,即提供格式化的表示和转换数据服务,2
819,5251364,数据的压缩和解压缩，加密和解密等工作都由表示层负责,2
820,5251364,例如图像格式的显示，就是由位于表示层的协议来支持,2
821,5251364,第七层:应用层(Applicationlayer)折叠应用层为操作系统或网络应用程序提供访问网络服务的接口,1
822,5251364,应用层协议的代表包括:Telnet、FTP、HTTP、SNMP等,2
823,5251364,?,2
824,5251364,电子商务技术是利用计算机技术、网络技术和远程通信技术，实现整个商务（买卖）过程中的电子化、数字化和网络化,2
825,5251364,人们不再是面对面的、看着实实在在的货物、靠纸介质单据（包括现金）进行买卖交易,2
826,5251364,而是通过网络，通过网上琳琅满目的商品信息、完善的物流配送系统和方便安全的资金结算系统进行交易（买卖）,2
827,5251364,电子商务的发展是建立在网络发展的基础上的，电子商务的实现更是离不开网络，网络技术足电子商务的关键技术之一,2
828,5251364,此外还有Web浏览技术、安全技术、数据库技术、电子支付技术等,2
829,5251364,电子商务技术是利用计算机技术、网络技术和远程通信技术，实现整个商务（买卖）过程中的电子化、数字化和网络化,2
830,5251364,人们不再是面对面的、看着实实在在的货物、靠纸介质单据（包括现金）进行买卖交易,2
831,5251364,而是通过网络，通过网上琳琅满目的商品信息、完善的物流配送系统和方便安全的资金结算系统进行交易（买卖）,2
832,5251364,电子商务的发展是建立在网络发展的基础上的，电子商务的实现更是离不开网络，网络技术足电子商务的关键技术之一,2
833,5251364,此外还有Web浏览技术、安全技术、数据库技术、电子支付技术等,2
834,5251364,由于音频信号是一种连续变化的模拟信号，而计算机只能处理和记录二进制的数字信号，因此，由自然音源而得的音频信号必须经过一定的变化和处理，变成二进制数据后才能送到计算机进行再编辑和存贮,2
835,5251364,PCM(PulseCodeModulation)脉冲编码调制是一种模数转换的最基本编码方法,1
836,5251364,它把模拟信号转换成数字信号的过程称为模/数转换，它主要包括:采样:在时间轴上对信号数字化;量化:在幅度轴上对信号数字化;编码:按一定格式记录采样和量化后的数字数据,2
837,5251364,编码的过程首先用一组脉冲采样时钟信号与输入的模拟音频信号相乘，相乘的结果即输入信号在时间轴上的数字化,2
838,5251364,然后对采样以后的信号幅值进行量化,2
839,5251364,最简单的量化方法是均衡量化，这个量化的过程由量化器来完成,2
840,5251364,对经量化器A/D变换后的信号再进行编码，即把量化的信号电平转换成二进制码组，就得到了离散的二进制输出数据序列x(n)，n表示量化的时间序列，x(n)的值就是n时刻量化后的幅值，以二进制的形式表示和记录,2
841,5251364,图像压缩可以是有损数据压缩也可以是无损数据压缩,2
842,5251364,对于如绘制的技术图、图表或者漫画优先使用无损压缩，这是因为有损压缩方法，尤其是在低的位速条件下将会带来压缩失真,2
843,5251364,如医疗图像或者用于存档的扫描图像等这些有价值的内容的压缩也尽量选择无损压缩方法,2
844,5251364,有损方法非常适合于自然的图像，例如一些应用中图像的微小损失是可以接受的(有时是无法感知的)，这样就可以大幅度地减小位速,2
845,5251364,矢量图的清晰度与分辨率的大小无关，对矢量图进行缩放时，图形对象仍保持原有的清晰度和光滑度，不会发生任何偏差,2
846,5251364,位图：也叫做点阵图，删格图象，像素图，位图图像是由像素构成的，像素的多少将决定位图图像的显示质量和文件大小，位图图像的分辨率越高，其显示越清晰，文件所占的空间也就越大,1
847,5251364,包括输入设备中的键盘、鼠标器、扫描仪、数码相机和语音输入系统、手写输入系统、IC卡输入系统，输出设备中的显示系统、各种打印机和绘图仪，软盘存储器、硬盘存储器、外存储设备，多媒体设备中的光盘驱动器、声卡、音箱、视频卡、电视接收卡、SCSI卡及摄像头等多媒体适配器,1
848,5251364,多媒体计算机系统由多媒体计算机硬件和多媒体计算机软件两部分组成主要硬件：主机、软盘驱动器、硬盘驱动器、显示器、网卡之外，还要有音频信息处理硬件、视频信息处理硬件及光盘驱动器等部分,1
849,5251364,软件：多媒体计算机的操作系统必须在原基础上扩充多媒体资源管理与信息处理的功能,2
850,5251364,多媒体编辑工具包括字处理软件、绘图软件、图像处理软件、动画制作软件、声音编辑软件以及视频编辑软件,2
851,5251364,(1)文本:由语言文字和符号字符组成的数据文件,2
852,5251364,可以表达文字信息，说明的更加清楚,2
853,5251364,(2)图像:通过描述画面中各个像素的亮度和颜色等组成的数据文件,1
854,5251364,也叫点位图或位图图像,2
855,5251364,表达实际事物,2
856,5251364,(3)图形:矢量图形的简称,1
857,5251364,即生成一幅图形由数学方法组成的数据文件,2
858,5251364,一般可将图形看作是图像的抽象,2
859,5251364,(4)动画:将静态的图像、图形及连环图画等按一定时间顺序显示而形成连续的动态画面,4
860,5251364,人为创造的表现形式,2
861,5251364,(5)音频:声音信号，即相应于人类听觉可感知范围内的频率,1
862,5251364,(6)视频:可视信号，即计算机屏幕上显示出来的动态信息，如动态图形、动态图像、动画等,2
863,5251364,而多媒体技术，是指采用计算机技术，将各种媒体以数字化的方式集成在一起，从而使计算机具有了能同时获取、处理、编辑、存储和展示多体信息的能力,1
864,5251364,查询类型：1、选择查询：在查询设计器中，给出查询条件2、参数查询：是一种动态查询，这种查询会在一个查询窗口中输入查询条件，点确定，直接给出查询结果,2
865,5251364,这种查询完全由用户控制,2
866,5251364,参数查询一般创建在选择查询基础上，在运行查询时会出现一个或多个对话框，要求输入查询条件,2
867,5251364,分为单参数和多参数，在条件行写[参数内容]3、操作查询：用于创建新表或者对现有表中的数据进行修改和数据维护，能批量的对数据进行导出、删除操作,2
868,5251364,分为：?更新查询?追加查询?删除查询?生成表查询，这设计视图中进行相应查询操作即可，最后返回原数据表查看结果,2
869,5251364,4、交叉表查询：通常以一个字段作为表的行标题，以另一个字段的取值作为列标题，在行和列的交叉点单元格处获得数据的汇总信息，以达到数据统计的目的,2
870,5251364,方便分析和使用,2
871,5251364,可采取交叉别查询向导和设计视图完成,2
872,5251364,主要设计过程：确定创建数据库的目的、确定数据库中需要的表、确定该表中需要的字段、确定主关键字和确定表之间的关系等步骤,2
873,5251364,设置字段的输入掩码：限制用户输入数据的格式，对数据输入做出控制以保证输入正确的数据,2
874,5251364,可使用掩码向导，也可自定义输入掩码,2
875,5251364,设置有效性规则和有效性文本：输入数据时有时需要限定输入数据的内容,2
876,5251364,默认值：添加新记录时自动向此字段分配指定值,1
877,5251364,Access基本数据类型包括：文本、备注、数字、日期和时间、货币、是否、计算字段、超链接、附件、OLE对象和查阅等类型,2
878,5251364,每种类型有着各自的作用,2
879,5251364,1、文本型：用来存放字符串数据，存放最大长度为255个字符,2
880,5251364,设置字段大小属性可设置能输入的最大字符个数,2
881,5251364,包含文本或数字文本，其中文本型数字不能进行计算,2
882,5251364,2、数字型：数学计算的数值数据，用来存储由整数、实数等可以进行计算的数据,2
883,5251364,可以分为整型、长整型、单精度型、双精度型等,2
884,5251364,3、备注型：包含长度在64000个字符内的文本字符串，应用于长文本,2
885,5251364,4、日期和时间：表示从50年到9999年之间的任意日期和时间，用于存放日期和时间数据,2
886,5251364,5、货币型：小数点左达到15位，小数点右达到44位，货币计算,2
887,5251364,6、是否型：取“是”或“否”之一的逻辑值，只含两值之一的数据,2
888,5251364,7、计算字段：用于计算的结果,2
889,5251364,计算时必须引用同一张表中的其他字段,2
890,5251364,8、附件型：任何受支持的文件类型,2
891,5251364,它可以将图像、电子表格文件、文档、图表等各种文件附加到数据库记录中,2
892,5251364,9、OLE对象：用于存放图片等二进制信息,2
893,5251364,10、自动编号型：追加记录时能自动填充的一系列数字一般用于主关键字,2
894,5251364,11、超级链接型：链接到其它文档、URL或文档内某个位置邮箱、网址和文档,2
895,5251364,建表方法：1、使用设计器创建表2、使用数据表视图创建表3、通过数据导入创建表建表要素：字段名称、数据类型、字段大小三种视图模式：列表视图、设计视图、数据表视图,2
896,5251364,作用：是着重用逻辑的过程或主要的业务来描述对象系统，描述系统要“做什么”，或者说具有哪些功能,1
897,5251364,"根据分析系统的实际需求决策构建数据库逻辑关系模型,定义数据库物体结构及其关系",2
898,5251364,它关联着数据仓库的逻辑模型和物理模型两方,2
899,5251364,构成：数据结构数据操作约束条件,2
900,5251364,数据库概念模型的作用：1、收集信息2、标识对象3、建立对象间的关系4、标识对象信息模型,2
901,5251364,数据库的特点：1、数据共享性2、数据冗余度小3、数据一致性,2
902,5251364,4、具有数据完整性措施,2
903,5251364,5、可以采用交互式或程序方式操作数据库系统的构成：DBS（数据库系统）=OS（操作系统）+DB（数据）+DBMS（数据库管理喜用）+DBA（数据库管理员）,5
904,5251364,1.人工管理阶段：特点：§数据在计算机内部不保留§无数据管理软件，数据的管理由应用程序完成§数据是面向应用的，一组数据对应一个应用程序，数据冗余大而且不共享§数据不具独立性，完全依赖于应用程序§数据无结构§数据控制能力：应用程序自己控制2.文件管理阶段：特点：特点：数据可长期保存在外存上,2
905,5251364,n数据与程序有了一定的独立性，但独立性差，数据的逻辑结构改变必须修改应用程序,2
906,5251364,n数据访问按文件名，存取以记录为单位，共享性差、冗余度大n记录内有结构，整体无结构n数据控制能力：应用程序自己控制3.数据库管理阶段：特点：数据结构化v数据的共享性高，冗余度低，易扩充v数据独立性高v数据由DBMS统一管理和控制,2
907,5251364,带有动画效果的幻灯片可以让你的演示文稿更加生动活泼，还可以控制信息演示流程并重点突出最关键的数据,2
908,5251364,实现动画效果的通常办法是按照一定的顺序依次显示对象或者使用运动画面,2
909,5251364,你可以对整个幻灯片、某个画面或者某个幻灯片对象（包括文本框、图表、艺术字和图画等）应用动画效果,2
910,5251364,在使用动画的时候，要遵循动画的醒目、自然、适当、简化及创意原则,2
911,5251364,太多的闪烁和运动画面会让听众注意力分散甚至感到烦躁,2
912,5251364,1：新建一个演示文稿，选择设计模板,2
913,5251364,2：选择一个合适的应用设计模板,2
914,5251364,3：插入一个新幻灯片，输入关于家乡的文字介绍,2
915,5251364,4：在新幻灯片上插入关于家乡的图片，包括风景、花卉、特产等,2
916,5251364,5：为幻灯片上的对象设置动画效果,2
917,5251364,6：设置不同幻灯片之间的切换效果,2
918,5251364,次要坐标轴可以更精确的定位图标的X，Y轴，可以更清晰的分析数据,2
919,5251364,选中图表，在上方出现图表工具，选择布局选项卡，在坐标轴组中，选择坐标轴，相应的横纵坐标轴中，选其他主要横坐标轴选项或其他主要纵坐标轴选项，选取自动即可,2
920,5251364,不同的通配符含义不同，？代表单个字符，*代表任意字符,2
921,5251364,鼠标操作选定一个单词：在要选定的单词中双击鼠标选定一个句子：按住Ctrl，单击句中任意位置选定一行：在该行的文本选择区单击鼠标或Shift+End选定连续多行：在文本选择区单击第一行并拖到最后一行选定一个段落：双击该段对应的文本选择区或在段落中任意处三击选定任意连续文本：使用鼠标从文本的第一个字符拖动到最后一个字符选定整个文档：在文本选择区的任意位置三击鼠标或Ctrl+A选定矩形文本区：按住Alt，使用鼠标从选定区域的左上角拖动到右下角快捷键操作：Ctrl+C――复制、Ctrl+V――粘贴、Ctrl+Z――撤销、Ctrl+X――剪切、Ctrl+Y――恢复,5
922,5251364,图文混排:就是将文字与图片混合排列，图片在文字周围、下方、上方等,1
923,5251364,"1.""顶端居左，四周型文字环绕""2.""顶端居中，四周型文字环绕""3.""顶端居右，四周型文字环绕""4.""中间居左，四周型文字环绕""5.""中间居中，周型文字环绕""6.""中间居右，四周型文字环绕""7.""底端居左，四周型文字环绕""8.""底端居中，四周型文字环绕""9.""底端居右，四周型文字环绕""",2
924,5251364,格式刷：快速复制格式，用它“刷”格式，可以快速将指定段落或文本的格式延用到其他段落或文本上,1
925,5251364,样式：属于已经预设好的内容，直接套用，方便简洁，节约时间,1
926,5251364,节：文档的一部分，可在其中设置某些页面格式选项,2
927,5251364,若要更改例如行编号、列数或页眉和页脚等属性，请创建一个新的节,2
928,5251364,分栏：一个页面分开多个版面，节约版面，易阅读查看,1
929,5251364,项目符号：放在文本或图形前以添加强调效果的点或其他符号,2
930,5251364,编号：给顺序号作为一种识别的方法，文本编号易于阅读，查看分析而且非常整齐,2
931,5251364,页面视图：此视图为文档默认视图，显示的文档页面与打印时完全相同.,2
932,5251364,阅读视图：可自由调节页面显示比例，列宽和布局，导航搜索，更改页面颜色，不允许对文档编,2
933,5251364,web版式视图：类似网页，不显示页码和章节号信息，超链接显示为带下划线文,2
934,5251364,大纲视图：显示文档的大纲，可创建大纲并检查word文档结构，进行文本“升级”,2
935,5251364,草稿视图：不显示页眉，页脚等信息,2
936,5251364,批注对部分文字或操作（删除、增加文字等）进行注解、诠释；修订是指修改格式、删除或增加内容,1
937,5251364,修订也是一种操作，所以修订的过程在修订完成后也将以批注的形式在文段附近展示,2
938,5251364,段落格式的主要设置内容：段落缩进、段落对齐、段落间距和行距、首字下沉、项目符号和段落编号、边框和底纹等,2
939,5251364,字符格式设置内容：字体，字号，字型的设置(加粗、下划线、倾斜)，颜色、字符间距、缩放比例、文字效果、底纹、边框等,2
940,5251364,记事本只能输入文字，不能插入图片，文件格式txt,2
941,5251364,记事本用于纯文本文档的编辑，功能没有写字板强大，适于编写一些篇幅短小的文件，由于它使用方便、快捷，应用也是比较多的,1
942,5251364,写字板是windows自带的缩水版word，有基本功能，格式rtf或txt,2
943,5251364,“写字板”是一个使用简单，但却功能强大的文字处理程序，用户可以利用它进行日常工作中文件的编辑,1
944,5251364,它不仅可以进行中英文文档的编辑，而且还可以图文混排，插入图片、声音、视频剪辑等多媒体资料,2
945,5251364,"Word具有强大的文字编辑能力,功能最为强大",2
946,5251364,支持文字、图片、表格等的混合编辑,1
947,5251364,程序=数据结构+算法+程序设计方法+语言工具和环境，数据结构+算法是程序组成的基本要素,1
948,5251364,数据描述――数据结构，在程序中要指定数据类型和数据组织形式；操作描述――算法，即操作过程，操作的对象是数据，操作就是对数据按照需要的目标数据进行加工和处理,1
949,5251364,数据结构和算法是相互依托和联系的，数据结构为算法提供逻辑运行路线和框架，算法则是按照数据结构对目的的实现选择合适的操作方法和运算过程,2
950,5251364,顺序结构：语句由语句序列组成，程序执行时，按照语句的顺序，从上而下，一条一条地顺序执行,2
951,5251364,选择结构：分支语句根据一定的条件决定执行哪一部分的语句序列（分为单分支选择、双分支选择和多分支选择）,2
952,5251364,循环结构：循环语句使同一个语句组根据一定的条件执行若干次,2
953,5251364,"现在高级语言主要有：c/c++,vb,dephi,java,c#等",2
954,5251364,就C语言来说,2
955,5251364,高级语言有如下特点：（1）语言简洁、紧凑，使用方便、灵活（2）运算符丰富（3）数据类型丰富（4）具有结构化的控制语句（5）语法限制不太严格，程序设计自由度大（6）可移植性好（7）生成目标代码质量高，程序执行效率高等,2
956,5251364,Access：数据库管理软件flash：动画制作和编辑软件word：文字处理excel：电子表格及数据分析Powerpoint：幻灯片及课件制作Photoshop：平面图形制作、设计及编辑aotocad：计算机辅助图形设计软件Frontpage、Dreamweaver（html或htm、asp）：网页制作软件会声会影（avi）：视频编辑软件InternetExplorer（简称IE）：网页浏览器Foxmail、OutlookExpress：电子邮件收发软件,2
957,5251364,附件主要包括如下工具：1、系统工具：用来进行系统还原、磁盘清理和整理磁盘碎片,2
958,5251364,2、录音机：录制声音,2
959,5251364,3、计算器：他可以代替日常生活中的计算器，不仅可以用于基本计算，还可以进行高级的科学计算和统计计算,1
960,5251364,4、记事本：来创建编辑文本文件的程序，只能处理纯文本内容,1
961,5251364,5、写字板：比“记事本”多了工具栏、格式栏、标尺，可以对文本进行格式化,1
962,5251364,6、画图：它提供了完整的绘图工具和选择颜料的调色板，可以用来用来画图及存储屏幕打印图片,1
963,5251364,Windows主要鼠标动作和作用：1、左键单击、双击打开或关闭或最小化目标文件或文件夹和网页,2
964,5251364,2、右键单击激活属性等其它快捷功能,2
965,5251364,3、滚轮拉动滚动条,2
966,5251364,一般窗体的主要构成：任务栏、标题栏、菜单栏、工作区域、状态栏、滚动条、窗口缩放按纽,1
967,5251364,操作系统的类型主要有：DOS操作系统、Windows操作系统、UNIX操作系统、Linux操作系统,2
968,5251364,不同的操作系统有着不同的特点，下面介绍一下他们各自的特点：1、DOS操作系统特点：1）单用户单任务操作系统；2）16位的系统，以命令的方式运行指令；3）文件管理方便；4）系统体积小,2
969,5251364,2、Windows操作系统：1）多任务处理；2）图形用户界面；3）有效的内存格式；4）支持多文件系统各式（FAT32、NTFS）；5）支持多媒体系统；6）支持网络应用；7）可靠性强；8）支持新硬件,2
970,5251364,3、UNIX操作系统：1）良好的可移植性；2）多用户、多任务；3）内核短小精悍；4）采用树形的文件系统管理文件；5）把设备如同文件一样管理；6）安全机制完善；7）提供了丰富的网络功能；8）提供了完美而强大的文本处理工具,3
971,5251364,4、Linux操作系统：1）是一款免费的操作系统，源代码公开，可以免费获得的自由软件；2）多用户、多任务的操作系统；3）提供了命令行方式的用户界面，4）可靠安全，性能稳定；5）支持多种平台,3
972,3140313,"压缩文件的基本原理是查找文件内的重复字节,并建立一个相同字节的""词典""文件,并用一个代码表示,比如在文件里有几处有一个相同的词""中华人民共和国""用一个代码表示并写入""词典""文件,这样就可以达到缩小文件的目的",2
973,3140313,下载技术演变：1.主从架构方式2.断点续传方式3.多线程并行方式：如网络蚂蚁4.镜像服务器方式主要压缩工具：winrar、360压缩、WinZip、7/Zip,2
974,3140313,1、系统安全工具软件：包括杀毒软件和防火墙软件,2
975,3140313,杀毒软件一般先对计算机进行完全的扫描，检查系统中是否存在病毒,2
976,3140313,病毒监控安装完成后会自动运行，发现病毒会提示用户，进行查杀处理,2
977,3140313,防火墙的主要功能如下：网络安全的屏障、强化网络安全策略、对网络存取和访问进行监控审计、防止内部信息的外泄,2
978,3140313,2、学习工具：文献阅读、翻译、单词学习,1
979,3140313,3、压缩工具：数据压缩的目的就是要消除信息中的冗余,1
980,3140313,主要压缩工具：WinRar，WinZi，77//Zi,2
981,3140313,4、即时通讯工具：与人沟通交流,2
982,3140313,比如：腾讯QQ，MSN，新浪UC，ICQ，阿里旺旺等,2
983,3140313,5、多媒体工具：播放视频，音乐等娱乐，阅读浏览图片处理制作，浏览网页,2
984,3140313,比如：影音风暴，酷狗，ACDSee，红蜻蜓抓图精灵，超星阅览器，搜狗高速浏览器等,2
985,3140313,6、下载工具：下载所需资源,2
986,3140313,?,2
987,3140313,1、从行业的发展情况来看，移动智能终端企业应该推动产品的功能和形态向多元化拓展,2
988,3140313,2、移动智能终端企业可以通过应用端商业模式的创新来激发用户的消费需求,2
989,3140313,3、智能设备形式多样化，向更多行业渗透,2
990,3140313,4、移动智能终端应用从门户型应用软件向着针对细分市场、细分人群和专业定位的方向演进,2
991,3140313,不在不安全的地方使用账户、密码、支付等功能,2
992,3140313,不随意连接免费的无线,2
993,3140313,下载过程中出现的流氓软件及时清除,2
994,3140313,不随意在网上输入详细个人信息,2
995,3140313,不轻信陌生的的各种文件软件等等,2
996,3140313,1、2014年4月，国内某黑客对国内两个大型物流公司的内部系统发起网络攻击，非法获取快递用户个人信息1400多万条，并出售给不法分子,2
997,3140313,而有趣的是，该黑客贩卖这些信息仅获利1000元,2
998,3140313,根据媒体报道，该黑客仅是一名22岁的大学生，正在某大学计算机专业读大学二年级,2
999,3140313,2、2014年3月22日，有安全研究人员在第三方漏洞收集平台上报了一个题目为“携程安全支付日志可遍历下载导致大量用户银行卡信息泄露（包含持卡人姓名身份证、银行卡号、卡CVV码、6位卡Bin）”的漏洞,2
